UsageClass,CheckoutType,MaterialType,CheckoutYear,CheckoutMonth,Checkouts,Title,ISBN,Creator,Subjects,Publisher,PublicationYear,BookGroup
Digital,OverDrive,EBOOK,2015,1,13,How to Win Friends and Influence People,NA,Dale Carnegie,"Business, Nonfiction, Psychology, Self Help","Simon & Schuster, Inc.",2014,Control
Digital,OverDrive,EBOOK,2015,1,36,Bad Feminist: Essays,NA,Roxane Gay,"Essays, Humor (Nonfiction), Nonfiction, Sociology",HarperCollins Publishers Inc.,2014,LGBT
Physical,Horizon,BOOK,2015,1,22,The new Jim Crow : mass incarceration in the age of colorblindness / Michelle Alexander.,NA,"Alexander, Michelle","Criminal justice Administration of United States, African American prisoners United States, Race discrimination United States, United States Race relations","New Press ; Distributed by Perseus Distribution,",c2010.,Treatment
Physical,Horizon,BOOK,2015,1,16,"How to win friends and influence people / Dale Carnegie ; editorial consultant, Dorothy Carnegie ; editorial assistance, Arthur R. Pell.",NA,"Carnegie, Dale, 1888-1955","Success, Persuasion Psychology, Leadership, Business communication","Simon & Schuster,",2009.,Control
Digital,OverDrive,EBOOK,2015,1,9,Steve Jobs,NA,Walter Isaacson,"Biography & Autobiography, Business, Computer Technology, Nonfiction","Simon & Schuster, Inc.",2014,Control
Digital,OverDrive,EBOOK,2015,1,13,The New Jim Crow,NA,Michelle Alexander,"Nonfiction, Sociology",Perseus Books Group,2012,Treatment
Digital,OverDrive,AUDIOBOOK,2015,1,4,Art of War: The Denma Translation (unabridged) (Unabridged),NA,Sun Tzu,"Nonfiction, Religion & Spirituality","Sounds True, Inc",2007,Control
Digital,OverDrive,EBOOK,2015,1,191,The Boys in the Boat: Nine Americans and Their Epic Quest for Gold at the 1936 Berlin Olympics,NA,Daniel James Brown,"History, Nonfiction, Sports & Recreations","Penguin Group (USA), Inc.",2013,Control
Physical,Horizon,BOOK,2015,1,90,Wild : from lost to found on the Pacific Crest Trail / Cheryl Strayed.,NA,"Strayed, Cheryl, 1968-","Strayed Cheryl 1968 Travel Pacific Crest Trail, Authors American 21st century Biography, Pacific Crest Trail Description and travel","Alfred A. Knopf,",2012.,Control
Digital,OverDrive,AUDIOBOOK,2015,1,3,The Art of War (Unabridged),NA,Sun Tzu,"History, Military, Nonfiction, Philosophy","Tantor Media, Inc",2007,Control
Digital,OverDrive,AUDIOBOOK,2015,1,5,Bad Feminist: Essays (unabridged) (Unabridged),NA,Roxane Gay,"Essays, Humor (Nonfiction), Nonfiction, Sociology",HarperCollins Publishers Inc.,2015,LGBT
Digital,OverDrive,EBOOK,2015,1,2,The Art of War: The Oldest Military Treatise in the World,NA,Sun Tzu,"Business, Nonfiction, Politics, Self-Improvement",Duke Classics,2011,Control
Digital,OverDrive,EBOOK,2015,1,6,The New Jim Crow: Mass Incarceration in the Age of Colorblindness,NA,Michelle Alexander,"Nonfiction, Politics",Perseus Books Group,2010,Treatment
Physical,Horizon,BOOK,2015,1,9,The new Jim Crow : mass incarceration in the age of colorblindness / Michelle Alexander ; [with a new foreword by Cornel West].,NA,"Alexander, Michelle","Discrimination in criminal justice administration United States, Criminal justice Administration of United States, African American prisoners United States, African American men Social conditions, Race discrimination United States, United States Race relations","New Press,",2012.,Treatment
Digital,OverDrive,EBOOK,2015,1,99,The Life-Changing Magic of Tidying Up: The Japanese Art of Decluttering and Organizing,NA,Marie Kondo,"Home Design & Décor, Nonfiction, Philosophy, Self-Improvement","Random House, Inc.",2014,Control
Physical,Horizon,BOOK,2015,1,12,Steve Jobs / Walter Isaacson.,NA,"Isaacson, Walter","Jobs Steve 1955 2011, Apple Computer Inc History, Computer engineers United States Biography, Chief executive officers United States Biography","Simon & Schuster,",2011.,Control
Digital,OverDrive,AUDIOBOOK,2015,1,3,"How To Win Friends and Influence People, Lesson 1 (Unabridged)",NA,Dale Carnegie,"Nonfiction, Self-Improvement",BN Publishing,2009,Control
Physical,Horizon,BOOK,2015,1,9,Wild [text (large print)] : from lost to found on the Pacific Crest Trail / Cheryl Strayed.,NA,"Strayed, Cheryl, 1968-","Strayed Cheryl 1968 Travel Pacific Crest Trail, Authors American 21st century Biography, Pacific Crest Trail Description and travel, Large type books","Thorndike Press,","2013, c2012.",Control
Physical,Horizon,BOOK,2015,1,32,Bad feminist : essays / Roxane Gay.,NA,"Gay, Roxane","Feminism, Popular culture, Gay Roxane Anecdotes, Women Conduct of life Anecdotes, Race awareness in motion pictures, African Americans in mass media, Essays","Harper Perennial,",c2014.,LGBT
Digital,OverDrive,AUDIOBOOK,2015,1,55,Wild: From Lost to Found on the Pacific Crest Trail (unabridged) (Unabridged),NA,Cheryl Strayed,"Biography & Autobiography, Nonfiction, Travel",Books on Tape,2012,Control
Digital,OverDrive,EBOOK,2015,1,1,The Art of War,NA,Tzu Sun,"History, Military, Nonfiction",Perseus Publishing,2010,Control
Digital,OverDrive,EBOOK,2015,1,10,How to Win Friends and Influence People in the Digital Age,NA,Dale Carnegie & Associates,"Business, Nonfiction, Psychology, Self-Improvement","Simon & Schuster, Inc.",2014,Control
Digital,OverDrive,EBOOK,2015,1,118,Wild: From Lost to Found on the Pacific Crest Trail,NA,Cheryl Strayed,"Biography & Autobiography, Nonfiction, Travel","Random House, Inc.",2012,Control
Digital,OverDrive,AUDIOBOOK,2015,1,2,"How To Win Friends and Influence People, Lesson 2 (Unabridged)",NA,Dale Carnegie,"Nonfiction, Self-Improvement",BN Publishing,2009,Control
Digital,OverDrive,AUDIOBOOK,2015,1,6,How to Win Friends and Influence People (Unabridged),NA,Dale Carnegie,"Nonfiction, Self-Improvement",Simon & Schuster - All Library,2008,Control
Physical,Horizon,BOOK,2015,2,105,Wild : from lost to found on the Pacific Crest Trail / Cheryl Strayed.,NA,"Strayed, Cheryl, 1968-","Strayed Cheryl 1968 Travel Pacific Crest Trail, Authors American 21st century Biography, Pacific Crest Trail Description and travel","Alfred A. Knopf,",2012.,Control
Digital,OverDrive,EBOOK,2015,2,5,How to Win Friends and Influence People in the Digital Age,NA,Dale Carnegie & Associates,"Business, Nonfiction, Psychology, Self-Improvement","Simon & Schuster, Inc.",2014,Control
Physical,Horizon,BOOK,2015,2,18,"How to win friends and influence people / Dale Carnegie ; editorial consultant, Dorothy Carnegie ; editorial assistance, Arthur R. Pell.",NA,"Carnegie, Dale, 1888-1955","Success, Persuasion Psychology, Leadership, Business communication","Simon & Schuster,",2009.,Control
Digital,OverDrive,AUDIOBOOK,2015,2,5,Steve Jobs (Unabridged),NA,Walter Isaacson,"Biography & Autobiography, Nonfiction",HighBridge Company,2015,Control
Digital,OverDrive,EBOOK,2015,2,2,The Art of War,NA,Tzu Sun,"History, Military, Nonfiction",Perseus Publishing,2010,Control
Digital,OverDrive,EBOOK,2015,2,6,Steve Jobs,NA,Walter Isaacson,"Biography & Autobiography, Business, Computer Technology, Nonfiction","Simon & Schuster, Inc.",2014,Control
Digital,OverDrive,AUDIOBOOK,2015,2,7,Bad Feminist: Essays (unabridged) (Unabridged),NA,Roxane Gay,"Essays, Humor (Nonfiction), Nonfiction, Sociology",HarperCollins Publishers Inc.,2015,LGBT
Digital,OverDrive,AUDIOBOOK,2015,2,1,"How To Win Friends and Influence People, Lesson 1 (Unabridged)",NA,Dale Carnegie,"Nonfiction, Self-Improvement",BN Publishing,2009,Control
Digital,OverDrive,EBOOK,2015,2,89,The Life-Changing Magic of Tidying Up: The Japanese Art of Decluttering and Organizing,NA,Marie Kondo,"Home Design & Décor, Nonfiction, Philosophy, Self-Improvement","Random House, Inc.",2014,Control
Digital,OverDrive,AUDIOBOOK,2015,2,7,How to Win Friends and Influence People (Unabridged),NA,Dale Carnegie,"Nonfiction, Self-Improvement",Simon & Schuster - All Library,2008,Control
Physical,Horizon,BOOK,2015,2,8,Wild [text (large print)] : from lost to found on the Pacific Crest Trail / Cheryl Strayed.,NA,"Strayed, Cheryl, 1968-","Strayed Cheryl 1968 Travel Pacific Crest Trail, Authors American 21st century Biography, Pacific Crest Trail Description and travel, Large type books","Thorndike Press,","2013, c2012.",Control
Digital,OverDrive,EBOOK,2015,2,3,The Art of War: The Oldest Military Treatise in the World,NA,Sun Tzu,"Business, Nonfiction, Politics, Self-Improvement",Duke Classics,2011,Control
Physical,Horizon,BOOK,2015,2,1,How to win friends and influence people for teen girls / presented by Donna Dale Carnegie.,NA,"Carnegie, Donna Dale","Teenage girls Psychology, Interpersonal relations in adolescence, Friendship in adolescence, Success in adolescence","Fireside,",c2005.,Control
Physical,Horizon,BOOK,2015,2,5,The new Jim Crow : mass incarceration in the age of colorblindness / Michelle Alexander.,NA,"Alexander, Michelle","Criminal justice Administration of United States, African American prisoners United States, Race discrimination United States, United States Race relations","New Press ; Distributed by Perseus Distribution,",c2010.,Treatment
Digital,OverDrive,AUDIOBOOK,2015,2,6,The Life-Changing Magic of Tidying Up: The Japanese Art of Decluttering and Organizing (unabridged) (Unabridged),NA,Marie Kondo,"Home Design & Décor, Nonfiction, Self-Improvement","Tantor Media, Inc",2015,Control
Physical,Horizon,BOOK,2015,2,5,Steve Jobs / Walter Isaacson.,NA,"Isaacson, Walter","Jobs Steve 1955 2011, Apple Computer Inc History, Computer engineers United States Biography, Chief executive officers United States Biography","Simon & Schuster,",2011.,Control
Digital,OverDrive,EBOOK,2015,2,105,Wild: From Lost to Found on the Pacific Crest Trail,NA,Cheryl Strayed,"Biography & Autobiography, Nonfiction, Travel","Random House, Inc.",2012,Control
Digital,OverDrive,EBOOK,2015,2,4,Sapiens: A Brief History of Humankind,NA,Yuval Noah Harari,"Nonfiction, Science",HarperCollins Publishers Inc.,2015,Control
Digital,OverDrive,EBOOK,2015,2,15,How to Win Friends and Influence People,NA,Dale Carnegie,"Business, Nonfiction, Psychology, Self Help","Simon & Schuster, Inc.",2014,Control
Physical,Horizon,BOOK,2015,2,32,Bad feminist : essays / Roxane Gay.,NA,"Gay, Roxane","Feminism, Popular culture, Gay Roxane Anecdotes, Women Conduct of life Anecdotes, Race awareness in motion pictures, African Americans in mass media, Essays","Harper Perennial,",c2014.,LGBT
Digital,OverDrive,AUDIOBOOK,2015,2,4,Art of War: The Denma Translation (unabridged) (Unabridged),NA,Sun Tzu,"Nonfiction, Religion & Spirituality","Sounds True, Inc",2007,Control
Digital,OverDrive,AUDIOBOOK,2015,2,45,Wild: From Lost to Found on the Pacific Crest Trail (unabridged) (Unabridged),NA,Cheryl Strayed,"Biography & Autobiography, Nonfiction, Travel",Books on Tape,2012,Control
Digital,OverDrive,AUDIOBOOK,2015,2,3,The Art of War (Unabridged),NA,Sun Tzu,"History, Military, Nonfiction, Philosophy","Tantor Media, Inc",2007,Control
Physical,Horizon,BOOK,2015,2,1,"Shidifu Qiaobusi zhuan / [Mei] Wo'erte Aisakesen, zhu ; [Guan Yanqi deng, yi] = Steve Jobs / by Walter Isaacson.",NA,"Isaacson, Walter","Jobs Steve 1955 2011, Apple Computer Inc History, Computer engineers United States Biography, Chief executive officers United States Biography, Businesspeople United States Biography","Zhong xin chu ban she,",2011.,Control
Digital,OverDrive,AUDIOBOOK,2015,2,2,Sapiens: A Brief History of Humankind (unabridged) (Unabridged),NA,Yuval Noah Harari,"Nonfiction, Science","Tantor Media, Inc",2015,Control
Physical,Horizon,BOOK,2015,2,32,The new Jim Crow : mass incarceration in the age of colorblindness / Michelle Alexander ; [with a new foreword by Cornel West].,NA,"Alexander, Michelle","Discrimination in criminal justice administration United States, Criminal justice Administration of United States, African American prisoners United States, African American men Social conditions, Race discrimination United States, United States Race relations","New Press,",2012.,Treatment
Digital,OverDrive,EBOOK,2015,2,31,Bad Feminist: Essays,NA,Roxane Gay,"Essays, Humor (Nonfiction), Nonfiction, Sociology",HarperCollins Publishers Inc.,2014,LGBT
Digital,OverDrive,EBOOK,2015,2,129,The Boys in the Boat: Nine Americans and Their Epic Quest for Gold at the 1936 Berlin Olympics,NA,Daniel James Brown,"History, Nonfiction, Sports & Recreations","Penguin Group (USA), Inc.",2013,Control
Digital,OverDrive,EBOOK,2015,2,8,The New Jim Crow,NA,Michelle Alexander,"Nonfiction, Sociology",Perseus Books Group,2012,Treatment
Digital,OverDrive,EBOOK,2015,2,6,The New Jim Crow: Mass Incarceration in the Age of Colorblindness,NA,Michelle Alexander,"Nonfiction, Politics",Perseus Books Group,2010,Treatment
Digital,OverDrive,AUDIOBOOK,2015,3,3,"How To Win Friends and Influence People, Lesson 1 (Unabridged)",NA,Dale Carnegie,"Nonfiction, Self-Improvement",BN Publishing,2009,Control
Digital,OverDrive,EBOOK,2015,3,5,Bettyville: A Memoir,NA,George Hodgman,"Biography & Autobiography, Family & Relationships, Gay/Lesbian, Nonfiction","Penguin Group (USA), Inc.",2015,LGBT
Physical,Horizon,BOOK,2015,3,2,Bettyville : a memoir / George Hodgman.,NA,"Hodgman, George.","Hodgman George, Adult children of aging parents United States Biography, Caregivers United States Biography, Aging parents Care United States, Mothers and sons United States, Sons Family relationships United States, Gay men Family relationships United States","Viking,",c2015.,LGBT
Digital,OverDrive,EBOOK,2015,3,3,The Art of War: The Oldest Military Treatise in the World,NA,Sun Tzu,"Business, Nonfiction, Politics, Self-Improvement",Duke Classics,2011,Control
Physical,Horizon,BOOK,2015,3,12,Steve Jobs / Walter Isaacson.,NA,"Isaacson, Walter","Jobs Steve 1955 2011, Apple Computer Inc History, Computer engineers United States Biography, Chief executive officers United States Biography","Simon & Schuster,",2011.,Control
Digital,OverDrive,AUDIOBOOK,2015,3,12,Sapiens: A Brief History of Humankind (unabridged) (Unabridged),NA,Yuval Noah Harari,"Nonfiction, Science","Tantor Media, Inc",2015,Control
Digital,OverDrive,EBOOK,2015,3,153,The Boys in the Boat: Nine Americans and Their Epic Quest for Gold at the 1936 Berlin Olympics,NA,Daniel James Brown,"History, Nonfiction, Sports & Recreations","Penguin Group (USA), Inc.",2013,Control
Digital,OverDrive,EBOOK,2015,3,8,How to Win Friends and Influence People in the Digital Age,NA,Dale Carnegie & Associates,"Business, Nonfiction, Psychology, Self-Improvement","Simon & Schuster, Inc.",2014,Control
Digital,OverDrive,EBOOK,2015,3,11,Sapiens: A Brief History of Humankind,NA,Yuval Noah Harari,"Nonfiction, Science",HarperCollins Publishers Inc.,2015,Control
Digital,OverDrive,EBOOK,2015,3,10,The New Jim Crow,NA,Michelle Alexander,"Nonfiction, Sociology",Perseus Books Group,2012,Treatment
Digital,OverDrive,AUDIOBOOK,2015,3,9,Steve Jobs (Unabridged),NA,Walter Isaacson,"Biography & Autobiography, Nonfiction",HighBridge Company,2015,Control
Physical,Horizon,BOOK,2015,3,35,Bad feminist : essays / Roxane Gay.,NA,"Gay, Roxane","Feminism, Popular culture, Gay Roxane Anecdotes, Women Conduct of life Anecdotes, Race awareness in motion pictures, African Americans in mass media, Essays","Harper Perennial,",c2014.,LGBT
Digital,OverDrive,AUDIOBOOK,2015,3,5,Bad Feminist: Essays (unabridged) (Unabridged),NA,Roxane Gay,"Essays, Humor (Nonfiction), Nonfiction, Sociology",HarperCollins Publishers Inc.,2015,LGBT
Digital,OverDrive,AUDIOBOOK,2015,3,2,"How To Win Friends and Influence People, Lesson 2 (Unabridged)",NA,Dale Carnegie,"Nonfiction, Self-Improvement",BN Publishing,2009,Control
Physical,Horizon,BOOK,2015,3,1,Steve Jobs [text (large print)] / Walter Isaacson.,NA,"Isaacson, Walter","Jobs Steve 1955 2011, Computer engineers United States Biography, Businesspeople United States Biography, Apple Computer Inc History, Large type books","Thorndike Press,",2011.,Control
Digital,OverDrive,EBOOK,2015,3,26,Bad Feminist: Essays,NA,Roxane Gay,"Essays, Humor (Nonfiction), Nonfiction, Sociology",HarperCollins Publishers Inc.,2014,LGBT
Physical,Horizon,BOOK,2015,3,105,Wild : from lost to found on the Pacific Crest Trail / Cheryl Strayed.,NA,"Strayed, Cheryl, 1968-","Strayed Cheryl 1968 Travel Pacific Crest Trail, Authors American 21st century Biography, Pacific Crest Trail Description and travel","Alfred A. Knopf,",2012.,Control
Physical,Horizon,BOOK,2015,3,1,How to win friends and influence people for teen girls / presented by Donna Dale Carnegie.,NA,"Carnegie, Donna Dale","Teenage girls Psychology, Interpersonal relations in adolescence, Friendship in adolescence, Success in adolescence","Fireside,",c2005.,Control
Digital,OverDrive,AUDIOBOOK,2015,3,10,How to Win Friends and Influence People (Unabridged),NA,Dale Carnegie,"Nonfiction, Self-Improvement",Simon & Schuster - All Library,2008,Control
Physical,Horizon,BOOK,2015,3,18,"How to win friends and influence people / Dale Carnegie ; editorial consultant, Dorothy Carnegie ; editorial assistance, Arthur R. Pell.",NA,"Carnegie, Dale, 1888-1955","Success, Persuasion Psychology, Leadership, Business communication","Simon & Schuster,",2009.,Control
Digital,OverDrive,EBOOK,2015,3,2,The Art of War,NA,Tzu Sun,"History, Military, Nonfiction",Perseus Publishing,2010,Control
Physical,Horizon,BOOK,2015,3,21,The new Jim Crow : mass incarceration in the age of colorblindness / Michelle Alexander ; [with a new foreword by Cornel West].,NA,"Alexander, Michelle","Discrimination in criminal justice administration United States, Criminal justice Administration of United States, African American prisoners United States, African American men Social conditions, Race discrimination United States, United States Race relations","New Press,",2012.,Treatment
Digital,OverDrive,EBOOK,2015,3,6,The New Jim Crow: Mass Incarceration in the Age of Colorblindness,NA,Michelle Alexander,"Nonfiction, Politics",Perseus Books Group,2010,Treatment
Digital,OverDrive,EBOOK,2015,3,15,How to Win Friends and Influence People,NA,Dale Carnegie,"Business, Nonfiction, Psychology, Self Help","Simon & Schuster, Inc.",2014,Control
Digital,OverDrive,AUDIOBOOK,2015,3,52,Wild: From Lost to Found on the Pacific Crest Trail (unabridged) (Unabridged),NA,Cheryl Strayed,"Biography & Autobiography, Nonfiction, Travel",Books on Tape,2012,Control
Digital,OverDrive,EBOOK,2015,3,117,The Life-Changing Magic of Tidying Up: The Japanese Art of Decluttering and Organizing,NA,Marie Kondo,"Home Design & Décor, Nonfiction, Philosophy, Self-Improvement","Random House, Inc.",2014,Control
Physical,Horizon,BOOK,2015,3,12,Wild [text (large print)] : from lost to found on the Pacific Crest Trail / Cheryl Strayed.,NA,"Strayed, Cheryl, 1968-","Strayed Cheryl 1968 Travel Pacific Crest Trail, Authors American 21st century Biography, Pacific Crest Trail Description and travel, Large type books","Thorndike Press,","2013, c2012.",Control
Digital,OverDrive,AUDIOBOOK,2015,3,2,The Art of War (Unabridged),NA,Sun Tzu,"History, Military, Nonfiction, Philosophy","Tantor Media, Inc",2007,Control
Digital,OverDrive,EBOOK,2015,3,113,Wild: From Lost to Found on the Pacific Crest Trail,NA,Cheryl Strayed,"Biography & Autobiography, Nonfiction, Travel","Random House, Inc.",2012,Control
Digital,OverDrive,AUDIOBOOK,2015,3,26,The Life-Changing Magic of Tidying Up: The Japanese Art of Decluttering and Organizing (unabridged) (Unabridged),NA,Marie Kondo,"Home Design & Décor, Nonfiction, Self-Improvement","Tantor Media, Inc",2015,Control
Digital,OverDrive,EBOOK,2015,3,10,Steve Jobs,NA,Walter Isaacson,"Biography & Autobiography, Business, Computer Technology, Nonfiction","Simon & Schuster, Inc.",2014,Control
Physical,Horizon,BOOK,2015,4,29,The new Jim Crow : mass incarceration in the age of colorblindness / Michelle Alexander ; [with a new foreword by Cornel West].,NA,"Alexander, Michelle","Discrimination in criminal justice administration United States, Criminal justice Administration of United States, African American prisoners United States, African American men Social conditions, Race discrimination United States, United States Race relations","New Press,",2012.,Treatment
Physical,Horizon,BOOK,2015,4,27,Bad feminist : essays / Roxane Gay.,NA,"Gay, Roxane","Feminism, Popular culture, Gay Roxane Anecdotes, Women Conduct of life Anecdotes, Race awareness in motion pictures, African Americans in mass media, Essays","Harper Perennial,",c2014.,LGBT
Physical,Horizon,BOOK,2015,4,99,Wild : from lost to found on the Pacific Crest Trail / Cheryl Strayed.,NA,"Strayed, Cheryl, 1968-","Strayed Cheryl 1968 Travel Pacific Crest Trail, Authors American 21st century Biography, Pacific Crest Trail Description and travel","Alfred A. Knopf,",2012.,Control
Physical,Horizon,BOOK,2015,4,12,Wild [text (large print)] : from lost to found on the Pacific Crest Trail / Cheryl Strayed.,NA,"Strayed, Cheryl, 1968-","Strayed Cheryl 1968 Travel Pacific Crest Trail, Authors American 21st century Biography, Pacific Crest Trail Description and travel, Large type books","Thorndike Press,","2013, c2012.",Control
Digital,OverDrive,EBOOK,2015,4,117,The Life-Changing Magic of Tidying Up: The Japanese Art of Decluttering and Organizing,NA,Marie Kondo,"Home Design & Décor, Nonfiction, Philosophy, Self-Improvement","Random House, Inc.",2014,Control
Physical,Horizon,BOOK,2015,4,1,"Shidifu Qiaobusi zhuan / [Mei] Wo'erte Aisakesen, zhu ; [Guan Yanqi deng, yi] = Steve Jobs / by Walter Isaacson.",NA,"Isaacson, Walter","Jobs Steve 1955 2011, Apple Computer Inc History, Computer engineers United States Biography, Chief executive officers United States Biography, Businesspeople United States Biography","Zhong xin chu ban she,",2011.,Control
Digital,OverDrive,EBOOK,2015,4,7,The Art of War: The Oldest Military Treatise in the World,NA,Sun Tzu,"Business, Nonfiction, Politics, Self-Improvement",Duke Classics,2011,Control
Digital,OverDrive,EBOOK,2015,4,29,Bad Feminist: Essays,NA,Roxane Gay,"Essays, Humor (Nonfiction), Nonfiction, Sociology",HarperCollins Publishers Inc.,2014,LGBT
Digital,OverDrive,AUDIOBOOK,2015,4,3,Art of War: The Denma Translation (unabridged) (Unabridged),NA,Sun Tzu,"Nonfiction, Religion & Spirituality","Sounds True, Inc",2007,Control
Digital,OverDrive,AUDIOBOOK,2015,4,12,How to Win Friends and Influence People (Unabridged),NA,Dale Carnegie,"Nonfiction, Self-Improvement",Simon & Schuster - All Library,2008,Control
Digital,OverDrive,EBOOK,2015,4,8,The New Jim Crow: Mass Incarceration in the Age of Colorblindness,NA,Michelle Alexander,"Nonfiction, Politics",Perseus Books Group,2010,Treatment
Physical,Horizon,BOOK,2015,4,45,Bettyville : a memoir / George Hodgman.,NA,"Hodgman, George.","Hodgman George, Adult children of aging parents United States Biography, Caregivers United States Biography, Aging parents Care United States, Mothers and sons United States, Sons Family relationships United States, Gay men Family relationships United States","Viking,",c2015.,LGBT
Physical,Horizon,BOOK,2015,4,2,Steve Jobs [text (large print)] / Walter Isaacson.,NA,"Isaacson, Walter","Jobs Steve 1955 2011, Computer engineers United States Biography, Businesspeople United States Biography, Apple Computer Inc History, Large type books","Thorndike Press,",2011.,Control
Physical,Horizon,BOOK,2015,4,1,How to win friends and influence people for teen girls / presented by Donna Dale Carnegie.,NA,"Carnegie, Donna Dale","Teenage girls Psychology, Interpersonal relations in adolescence, Friendship in adolescence, Success in adolescence","Fireside,",c2005.,Control
Digital,OverDrive,EBOOK,2015,4,108,Wild: From Lost to Found on the Pacific Crest Trail,NA,Cheryl Strayed,"Biography & Autobiography, Nonfiction, Travel","Random House, Inc.",2012,Control
Digital,OverDrive,EBOOK,2015,4,7,How to Win Friends and Influence People in the Digital Age,NA,Dale Carnegie & Associates,"Business, Nonfiction, Psychology, Self-Improvement","Simon & Schuster, Inc.",2014,Control
Digital,OverDrive,AUDIOBOOK,2015,4,1,"How To Win Friends and Influence People, Lesson 2 (Unabridged)",NA,Dale Carnegie,"Nonfiction, Self-Improvement",BN Publishing,2009,Control
Digital,OverDrive,EBOOK,2015,4,8,Steve Jobs,NA,Walter Isaacson,"Biography & Autobiography, Business, Computer Technology, Nonfiction","Simon & Schuster, Inc.",2014,Control
Physical,Horizon,BOOK,2015,4,12,Steve Jobs / Walter Isaacson.,NA,"Isaacson, Walter","Jobs Steve 1955 2011, Apple Computer Inc History, Computer engineers United States Biography, Chief executive officers United States Biography","Simon & Schuster,",2011.,Control
Digital,OverDrive,EBOOK,2015,4,12,Sapiens: A Brief History of Humankind,NA,Yuval Noah Harari,"Nonfiction, Science",HarperCollins Publishers Inc.,2015,Control
Digital,OverDrive,EBOOK,2015,4,146,The Boys in the Boat: Nine Americans and Their Epic Quest for Gold at the 1936 Berlin Olympics,NA,Daniel James Brown,"History, Nonfiction, Sports & Recreations","Penguin Group (USA), Inc.",2013,Control
Digital,OverDrive,AUDIOBOOK,2015,4,11,Sapiens: A Brief History of Humankind (unabridged) (Unabridged),NA,Yuval Noah Harari,"Nonfiction, Science","Tantor Media, Inc",2015,Control
Digital,OverDrive,EBOOK,2015,4,14,How to Win Friends and Influence People,NA,Dale Carnegie,"Business, Nonfiction, Psychology, Self Help","Simon & Schuster, Inc.",2014,Control
Physical,Horizon,BOOK,2015,4,18,"How to win friends and influence people / Dale Carnegie ; editorial consultant, Dorothy Carnegie ; editorial assistance, Arthur R. Pell.",NA,"Carnegie, Dale, 1888-1955","Success, Persuasion Psychology, Leadership, Business communication","Simon & Schuster,",2009.,Control
Digital,OverDrive,AUDIOBOOK,2015,4,3,The Art of War (Unabridged),NA,Sun Tzu,"History, Military, Nonfiction, Philosophy","Tantor Media, Inc",2007,Control
Digital,OverDrive,EBOOK,2015,4,12,Bettyville: A Memoir,NA,George Hodgman,"Biography & Autobiography, Family & Relationships, Gay/Lesbian, Nonfiction","Penguin Group (USA), Inc.",2015,LGBT
Digital,OverDrive,AUDIOBOOK,2015,4,9,Steve Jobs (Unabridged),NA,Walter Isaacson,"Biography & Autobiography, Nonfiction",HighBridge Company,2015,Control
Digital,OverDrive,EBOOK,2015,4,2,The Art of War,NA,Tzu Sun,"History, Military, Nonfiction",Perseus Publishing,2010,Control
Digital,OverDrive,EBOOK,2015,4,9,The New Jim Crow,NA,Michelle Alexander,"Nonfiction, Sociology",Perseus Books Group,2012,Treatment
Digital,OverDrive,AUDIOBOOK,2015,4,8,Bad Feminist: Essays (unabridged) (Unabridged),NA,Roxane Gay,"Essays, Humor (Nonfiction), Nonfiction, Sociology",HarperCollins Publishers Inc.,2015,LGBT
Digital,OverDrive,AUDIOBOOK,2015,4,35,The Life-Changing Magic of Tidying Up: The Japanese Art of Decluttering and Organizing (unabridged) (Unabridged),NA,Marie Kondo,"Home Design & Décor, Nonfiction, Self-Improvement","Tantor Media, Inc",2015,Control
Digital,OverDrive,AUDIOBOOK,2015,4,53,Wild: From Lost to Found on the Pacific Crest Trail (unabridged) (Unabridged),NA,Cheryl Strayed,"Biography & Autobiography, Nonfiction, Travel",Books on Tape,2012,Control
Digital,OverDrive,EBOOK,2015,5,148,The Boys in the Boat: Nine Americans and Their Epic Quest for Gold at the 1936 Berlin Olympics,NA,Daniel James Brown,"History, Nonfiction, Sports & Recreations","Penguin Group (USA), Inc.",2013,Control
Digital,OverDrive,AUDIOBOOK,2015,5,53,Wild: From Lost to Found on the Pacific Crest Trail (unabridged) (Unabridged),NA,Cheryl Strayed,"Biography & Autobiography, Nonfiction, Travel",Books on Tape,2012,Control
Physical,Horizon,BOOK,2015,5,104,Wild : from lost to found on the Pacific Crest Trail / Cheryl Strayed.,NA,"Strayed, Cheryl, 1968-","Strayed Cheryl 1968 Travel Pacific Crest Trail, Authors American 21st century Biography, Pacific Crest Trail Description and travel","Alfred A. Knopf,",2012.,Control
Digital,OverDrive,EBOOK,2015,5,6,The New Jim Crow: Mass Incarceration in the Age of Colorblindness,NA,Michelle Alexander,"Nonfiction, Politics",Perseus Books Group,2010,Treatment
Digital,OverDrive,EBOOK,2015,5,6,How to Win Friends and Influence People in the Digital Age,NA,Dale Carnegie & Associates,"Business, Nonfiction, Psychology, Self-Improvement","Simon & Schuster, Inc.",2014,Control
Physical,Horizon,BOOK,2015,5,13,"How to win friends and influence people / Dale Carnegie ; editorial consultant, Dorothy Carnegie ; editorial assistance, Arthur R. Pell.",NA,"Carnegie, Dale, 1888-1955","Success, Persuasion Psychology, Leadership, Business communication","Simon & Schuster,",2009.,Control
Digital,OverDrive,EBOOK,2015,5,141,The Life-Changing Magic of Tidying Up: The Japanese Art of Decluttering and Organizing,NA,Marie Kondo,"Home Design & Décor, Nonfiction, Philosophy, Self-Improvement","Random House, Inc.",2014,Control
Digital,OverDrive,AUDIOBOOK,2015,5,9,Steve Jobs (Unabridged),NA,Walter Isaacson,"Biography & Autobiography, Nonfiction",HighBridge Company,2015,Control
Physical,Horizon,BOOK,2015,5,1,How to win friends and influence people for teen girls / presented by Donna Dale Carnegie.,NA,"Carnegie, Donna Dale","Teenage girls Psychology, Interpersonal relations in adolescence, Friendship in adolescence, Success in adolescence","Fireside,",c2005.,Control
Digital,OverDrive,AUDIOBOOK,2015,5,11,How to Win Friends and Influence People (Unabridged),NA,Dale Carnegie,"Nonfiction, Self-Improvement",Simon & Schuster - All Library,2008,Control
Physical,Horizon,BOOK,2015,5,9,Steve Jobs / Walter Isaacson.,NA,"Isaacson, Walter","Jobs Steve 1955 2011, Apple Computer Inc History, Computer engineers United States Biography, Chief executive officers United States Biography","Simon & Schuster,",2011.,Control
Digital,OverDrive,AUDIOBOOK,2015,5,3,The Art of War (Unabridged),NA,Sun Tzu,"History, Military, Nonfiction, Philosophy","Tantor Media, Inc",2007,Control
Digital,OverDrive,AUDIOBOOK,2015,5,3,Art of War: The Denma Translation (unabridged) (Unabridged),NA,Sun Tzu,"Nonfiction, Religion & Spirituality","Sounds True, Inc",2007,Control
Digital,OverDrive,AUDIOBOOK,2015,5,8,Sapiens: A Brief History of Humankind (unabridged) (Unabridged),NA,Yuval Noah Harari,"Nonfiction, Science","Tantor Media, Inc",2015,Control
Digital,OverDrive,EBOOK,2015,5,116,Wild: From Lost to Found on the Pacific Crest Trail,NA,Cheryl Strayed,"Biography & Autobiography, Nonfiction, Travel","Random House, Inc.",2012,Control
Digital,OverDrive,EBOOK,2015,5,13,Bettyville: A Memoir,NA,George Hodgman,"Biography & Autobiography, Family & Relationships, Gay/Lesbian, Nonfiction","Penguin Group (USA), Inc.",2015,LGBT
Digital,OverDrive,EBOOK,2015,5,25,Bad Feminist: Essays,NA,Roxane Gay,"Essays, Humor (Nonfiction), Nonfiction, Sociology",HarperCollins Publishers Inc.,2014,LGBT
Digital,OverDrive,EBOOK,2015,5,13,How to Win Friends and Influence People,NA,Dale Carnegie,"Business, Nonfiction, Psychology, Self Help","Simon & Schuster, Inc.",2014,Control
Digital,OverDrive,EBOOK,2015,5,13,The New Jim Crow,NA,Michelle Alexander,"Nonfiction, Sociology",Perseus Books Group,2012,Treatment
Digital,OverDrive,EBOOK,2015,5,6,The Art of War: The Oldest Military Treatise in the World,NA,Sun Tzu,"Business, Nonfiction, Politics, Self-Improvement",Duke Classics,2011,Control
Digital,OverDrive,AUDIOBOOK,2015,5,9,Bad Feminist: Essays (unabridged) (Unabridged),NA,Roxane Gay,"Essays, Humor (Nonfiction), Nonfiction, Sociology",HarperCollins Publishers Inc.,2015,LGBT
Physical,Horizon,BOOK,2015,5,37,Bettyville : a memoir / George Hodgman.,NA,"Hodgman, George.","Hodgman George, Adult children of aging parents United States Biography, Caregivers United States Biography, Aging parents Care United States, Mothers and sons United States, Sons Family relationships United States, Gay men Family relationships United States","Viking,",c2015.,LGBT
Digital,OverDrive,EBOOK,2015,5,2,The Art of War,NA,Tzu Sun,"History, Military, Nonfiction",Perseus Publishing,2010,Control
Digital,OverDrive,AUDIOBOOK,2015,5,51,The Life-Changing Magic of Tidying Up: The Japanese Art of Decluttering and Organizing (unabridged) (Unabridged),NA,Marie Kondo,"Home Design & Décor, Nonfiction, Self-Improvement","Tantor Media, Inc",2015,Control
Physical,Horizon,BOOK,2015,5,30,The new Jim Crow : mass incarceration in the age of colorblindness / Michelle Alexander ; [with a new foreword by Cornel West].,NA,"Alexander, Michelle","Discrimination in criminal justice administration United States, Criminal justice Administration of United States, African American prisoners United States, African American men Social conditions, Race discrimination United States, United States Race relations","New Press,",2012.,Treatment
Physical,Horizon,BOOK,2015,5,12,Wild [text (large print)] : from lost to found on the Pacific Crest Trail / Cheryl Strayed.,NA,"Strayed, Cheryl, 1968-","Strayed Cheryl 1968 Travel Pacific Crest Trail, Authors American 21st century Biography, Pacific Crest Trail Description and travel, Large type books","Thorndike Press,","2013, c2012.",Control
Digital,OverDrive,EBOOK,2015,5,12,Sapiens: A Brief History of Humankind,NA,Yuval Noah Harari,"Nonfiction, Science",HarperCollins Publishers Inc.,2015,Control
Physical,Horizon,BOOK,2015,5,27,Bad feminist : essays / Roxane Gay.,NA,"Gay, Roxane","Feminism, Popular culture, Gay Roxane Anecdotes, Women Conduct of life Anecdotes, Race awareness in motion pictures, African Americans in mass media, Essays","Harper Perennial,",c2014.,LGBT
Physical,Horizon,BOOK,2015,5,3,Steve Jobs [text (large print)] / Walter Isaacson.,NA,"Isaacson, Walter","Jobs Steve 1955 2011, Computer engineers United States Biography, Businesspeople United States Biography, Apple Computer Inc History, Large type books","Thorndike Press,",2011.,Control
Digital,OverDrive,EBOOK,2015,5,10,Steve Jobs,NA,Walter Isaacson,"Biography & Autobiography, Business, Computer Technology, Nonfiction","Simon & Schuster, Inc.",2014,Control
Digital,OverDrive,EBOOK,2015,6,150,The Life-Changing Magic of Tidying Up: The Japanese Art of Decluttering and Organizing,NA,Marie Kondo,"Home Design & Décor, Nonfiction, Philosophy, Self-Improvement","Random House, Inc.",2014,Control
Physical,Horizon,BOOK,2015,6,18,The new Jim Crow : mass incarceration in the age of colorblindness / Michelle Alexander ; [with a new foreword by Cornel West].,NA,"Alexander, Michelle","Discrimination in criminal justice administration United States, Criminal justice Administration of United States, African American prisoners United States, African American men Social conditions, Race discrimination United States, United States Race relations","New Press,",2012.,Treatment
Digital,OverDrive,EBOOK,2015,6,14,How to Win Friends and Influence People,NA,Dale Carnegie,"Business, Nonfiction, Psychology, Self Help","Simon & Schuster, Inc.",2014,Control
Digital,OverDrive,AUDIOBOOK,2015,6,10,Bad Feminist: Essays (unabridged) (Unabridged),NA,Roxane Gay,"Essays, Humor (Nonfiction), Nonfiction, Sociology",HarperCollins Publishers Inc.,2015,LGBT
Physical,Horizon,BOOK,2015,6,6,Wild [text (large print)] : from lost to found on the Pacific Crest Trail / Cheryl Strayed.,NA,"Strayed, Cheryl, 1968-","Strayed Cheryl 1968 Travel Pacific Crest Trail, Authors American 21st century Biography, Pacific Crest Trail Description and travel, Large type books","Thorndike Press,","2013, c2012.",Control
Digital,OverDrive,EBOOK,2015,6,5,The Art of War: The Oldest Military Treatise in the World,NA,Sun Tzu,"Business, Nonfiction, Politics, Self-Improvement",Duke Classics,2011,Control
Digital,OverDrive,EBOOK,2015,6,1,The Art of War,NA,Tzu Sun,"History, Military, Nonfiction",Perseus Publishing,2010,Control
Digital,OverDrive,EBOOK,2015,6,10,Sapiens: A Brief History of Humankind,NA,Yuval Noah Harari,"Nonfiction, Science",HarperCollins Publishers Inc.,2015,Control
Digital,OverDrive,EBOOK,2015,6,112,Wild: From Lost to Found on the Pacific Crest Trail,NA,Cheryl Strayed,"Biography & Autobiography, Nonfiction, Travel","Random House, Inc.",2012,Control
Digital,OverDrive,AUDIOBOOK,2015,6,43,Wild: From Lost to Found on the Pacific Crest Trail (unabridged) (Unabridged),NA,Cheryl Strayed,"Biography & Autobiography, Nonfiction, Travel",Books on Tape,2012,Control
Digital,OverDrive,AUDIOBOOK,2015,6,2,The Art of War (Unabridged),NA,Sun Tzu,"History, Military, Nonfiction, Philosophy","Tantor Media, Inc",2007,Control
Digital,OverDrive,EBOOK,2015,6,122,The Boys in the Boat: Nine Americans and Their Epic Quest for Gold at the 1936 Berlin Olympics,NA,Daniel James Brown,"History, Nonfiction, Sports & Recreations","Penguin Group (USA), Inc.",2013,Control
Physical,Horizon,BOOK,2015,6,26,Bad feminist : essays / Roxane Gay.,NA,"Gay, Roxane","Feminism, Popular culture, Gay Roxane Anecdotes, Women Conduct of life Anecdotes, Race awareness in motion pictures, African Americans in mass media, Essays","Harper Perennial,",c2014.,LGBT
Digital,OverDrive,AUDIOBOOK,2015,6,7,Steve Jobs (Unabridged),NA,Walter Isaacson,"Biography & Autobiography, Nonfiction",HighBridge Company,2015,Control
Physical,Horizon,BOOK,2015,6,1,"Sutību jobuzu. I = Steve Jobs / Isaacson Walter ; Inokuchi Kōji, yaku.",NA,"Isaacson, Walter","Jobs Steve 1955 2011, Apple Computer Inc History, Computer engineers United States Biography, Chief executive officers United States Biography","Kōdansha,",2012.,Control
Digital,OverDrive,EBOOK,2015,6,8,How to Win Friends and Influence People in the Digital Age,NA,Dale Carnegie & Associates,"Business, Nonfiction, Psychology, Self-Improvement","Simon & Schuster, Inc.",2014,Control
Physical,Horizon,BOOK,2015,6,38,Bettyville : a memoir / George Hodgman.,NA,"Hodgman, George.","Hodgman George, Adult children of aging parents United States Biography, Caregivers United States Biography, Aging parents Care United States, Mothers and sons United States, Sons Family relationships United States, Gay men Family relationships United States","Viking,",c2015.,LGBT
Physical,Horizon,BOOK,2015,6,13,Steve Jobs / Walter Isaacson.,NA,"Isaacson, Walter","Jobs Steve 1955 2011, Apple Computer Inc History, Computer engineers United States Biography, Chief executive officers United States Biography","Simon & Schuster,",2011.,Control
Physical,Horizon,BOOK,2015,6,13,"How to win friends and influence people / Dale Carnegie ; editorial consultant, Dorothy Carnegie ; editorial assistance, Arthur R. Pell.",NA,"Carnegie, Dale, 1888-1955","Success, Persuasion Psychology, Leadership, Business communication","Simon & Schuster,",2009.,Control
Digital,OverDrive,EBOOK,2015,6,7,Steve Jobs,NA,Walter Isaacson,"Biography & Autobiography, Business, Computer Technology, Nonfiction","Simon & Schuster, Inc.",2014,Control
Digital,OverDrive,EBOOK,2015,6,26,Bad Feminist: Essays,NA,Roxane Gay,"Essays, Humor (Nonfiction), Nonfiction, Sociology",HarperCollins Publishers Inc.,2014,LGBT
Digital,OverDrive,AUDIOBOOK,2015,6,10,Sapiens: A Brief History of Humankind (unabridged) (Unabridged),NA,Yuval Noah Harari,"Nonfiction, Science","Tantor Media, Inc",2015,Control
Physical,Horizon,BOOK,2015,6,1,"Shidifu Qiaobusi zhuan / [Mei] Wo'erte Aisakesen, zhu ; [Guan Yanqi deng, yi] = Steve Jobs / by Walter Isaacson.",NA,"Isaacson, Walter","Jobs Steve 1955 2011, Apple Computer Inc History, Computer engineers United States Biography, Chief executive officers United States Biography, Businesspeople United States Biography","Zhong xin chu ban she,",2011.,Control
Digital,OverDrive,EBOOK,2015,6,10,The New Jim Crow: Mass Incarceration in the Age of Colorblindness,NA,Michelle Alexander,"Nonfiction, Politics",Perseus Books Group,2010,Treatment
Digital,OverDrive,EBOOK,2015,6,12,The New Jim Crow,NA,Michelle Alexander,"Nonfiction, Sociology",Perseus Books Group,2012,Treatment
Digital,OverDrive,AUDIOBOOK,2015,6,5,Art of War: The Denma Translation (unabridged) (Unabridged),NA,Sun Tzu,"Nonfiction, Religion & Spirituality","Sounds True, Inc",2007,Control
Digital,OverDrive,AUDIOBOOK,2015,6,52,The Life-Changing Magic of Tidying Up: The Japanese Art of Decluttering and Organizing (unabridged) (Unabridged),NA,Marie Kondo,"Home Design & Décor, Nonfiction, Self-Improvement","Tantor Media, Inc",2015,Control
Digital,OverDrive,EBOOK,2015,6,10,Bettyville: A Memoir,NA,George Hodgman,"Biography & Autobiography, Family & Relationships, Gay/Lesbian, Nonfiction","Penguin Group (USA), Inc.",2015,LGBT
Physical,Horizon,BOOK,2015,6,66,Wild : from lost to found on the Pacific Crest Trail / Cheryl Strayed.,NA,"Strayed, Cheryl, 1968-","Strayed Cheryl 1968 Travel Pacific Crest Trail, Authors American 21st century Biography, Pacific Crest Trail Description and travel","Alfred A. Knopf,",2012.,Control
Digital,OverDrive,AUDIOBOOK,2015,6,15,How to Win Friends and Influence People (Unabridged),NA,Dale Carnegie,"Nonfiction, Self-Improvement",Simon & Schuster - All Library,2008,Control
Digital,OverDrive,EBOOK,2015,7,125,The Boys in the Boat: Nine Americans and Their Epic Quest for Gold at the 1936 Berlin Olympics,NA,Daniel James Brown,"History, Nonfiction, Sports & Recreations","Penguin Group (USA), Inc.",2013,Control
Physical,Horizon,BOOK,2015,7,50,Bettyville : a memoir / George Hodgman.,NA,"Hodgman, George.","Hodgman George, Adult children of aging parents United States Biography, Caregivers United States Biography, Aging parents Care United States, Mothers and sons United States, Sons Family relationships United States, Gay men Family relationships United States","Viking,",c2015.,LGBT
Digital,OverDrive,EBOOK,2015,7,14,Between the World and Me,NA,Ta-Nehisi Coates,"Biography & Autobiography, History, Nonfiction, Sociology","Random House, Inc.",2015,Treatment
Digital,OverDrive,EBOOK,2015,7,158,The Life-Changing Magic of Tidying Up: The Japanese Art of Decluttering and Organizing,NA,Marie Kondo,"Home Design & Décor, Nonfiction, Philosophy, Self-Improvement","Random House, Inc.",2014,Control
Digital,OverDrive,AUDIOBOOK,2015,7,8,Bad Feminist: Essays (unabridged) (Unabridged),NA,Roxane Gay,"Essays, Humor (Nonfiction), Nonfiction, Sociology",HarperCollins Publishers Inc.,2015,LGBT
Digital,OverDrive,AUDIOBOOK,2015,7,62,Wild: From Lost to Found on the Pacific Crest Trail (unabridged) (Unabridged),NA,Cheryl Strayed,"Biography & Autobiography, Nonfiction, Travel",Books on Tape,2012,Control
Physical,Horizon,BOOK,2015,7,2,Steve Jobs [text (large print)] / Walter Isaacson.,NA,"Isaacson, Walter","Jobs Steve 1955 2011, Computer engineers United States Biography, Businesspeople United States Biography, Apple Computer Inc History, Large type books","Thorndike Press,",2011.,Control
Physical,Horizon,BOOK,2015,7,4,Bettyville : a memoir / George Hodgman.,NA,"Hodgman, George.","Hodgman George, Adult children of aging parents United States Biography, Caregivers United States Biography, Aging parents Care United States, Mothers and sons United States, Sons Family relationships United States, Gay men Family relationships United States, Large type books","Thorndike Press,",2015.,LGBT
Digital,OverDrive,AUDIOBOOK,2015,7,3,The Art of War (Unabridged),NA,Sun Tzu,"History, Military, Nonfiction, Philosophy","Tantor Media, Inc",2007,Control
Digital,OverDrive,EBOOK,2015,7,2,The Art of War,NA,Tzu Sun,"History, Military, Nonfiction",Perseus Publishing,2010,Control
Physical,Horizon,BOOK,2015,7,36,The new Jim Crow : mass incarceration in the age of colorblindness / Michelle Alexander ; [with a new foreword by Cornel West].,NA,"Alexander, Michelle","Discrimination in criminal justice administration United States, Criminal justice Administration of United States, African American prisoners United States, African American men Social conditions, Race discrimination United States, United States Race relations","New Press,",2012.,Treatment
Digital,OverDrive,EBOOK,2015,7,3,The Art of War: The Oldest Military Treatise in the World,NA,Sun Tzu,"Business, Nonfiction, Politics, Self-Improvement",Duke Classics,2011,Control
Physical,Horizon,BOOK,2015,7,1,How to win friends and influence people for teen girls / presented by Donna Dale Carnegie.,NA,"Carnegie, Donna Dale","Teenage girls Psychology, Interpersonal relations in adolescence, Friendship in adolescence, Success in adolescence","Fireside,",c2005.,Control
Digital,OverDrive,EBOOK,2015,7,16,How to Win Friends and Influence People,NA,Dale Carnegie,"Business, Nonfiction, Psychology, Self Help","Simon & Schuster, Inc.",2014,Control
Physical,Horizon,BOOK,2015,7,1,"Sutību jobuzu. II = Steve Jobs / Isaacson Walter ; Inokuchi Kōji, yaku.",NA,"Isaacson, Walter","Jobs Steve 1955 2011, Apple Computer Inc History, Computer engineers United States Biography, Chief executive officers United States Biography","Kōdansha,",2012.,Control
Physical,Horizon,BOOK,2015,7,27,"How to win friends and influence people / Dale Carnegie ; editorial consultant, Dorothy Carnegie ; editorial assistance, Arthur R. Pell.",NA,"Carnegie, Dale, 1888-1955","Success, Persuasion Psychology, Leadership, Business communication","Simon & Schuster,",2009.,Control
Digital,OverDrive,EBOOK,2015,7,9,Steve Jobs,NA,Walter Isaacson,"Biography & Autobiography, Business, Computer Technology, Nonfiction","Simon & Schuster, Inc.",2014,Control
Digital,OverDrive,EBOOK,2015,7,8,How to Win Friends and Influence People in the Digital Age,NA,Dale Carnegie & Associates,"Business, Nonfiction, Psychology, Self-Improvement","Simon & Schuster, Inc.",2014,Control
Digital,OverDrive,EBOOK,2015,7,8,The New Jim Crow: Mass Incarceration in the Age of Colorblindness,NA,Michelle Alexander,"Nonfiction, Politics",Perseus Books Group,2010,Treatment
Physical,Horizon,BOOK,2015,7,12,Wild [text (large print)] : from lost to found on the Pacific Crest Trail / Cheryl Strayed.,NA,"Strayed, Cheryl, 1968-","Strayed Cheryl 1968 Travel Pacific Crest Trail, Authors American 21st century Biography, Pacific Crest Trail Description and travel, Large type books","Thorndike Press,","2013, c2012.",Control
Physical,Horizon,BOOK,2015,7,10,Steve Jobs / Walter Isaacson.,NA,"Isaacson, Walter","Jobs Steve 1955 2011, Apple Computer Inc History, Computer engineers United States Biography, Chief executive officers United States Biography","Simon & Schuster,",2011.,Control
Digital,OverDrive,EBOOK,2015,7,13,The New Jim Crow,NA,Michelle Alexander,"Nonfiction, Sociology",Perseus Books Group,2012,Treatment
Digital,OverDrive,AUDIOBOOK,2015,7,13,Steve Jobs (Unabridged),NA,Walter Isaacson,"Biography & Autobiography, Nonfiction",HighBridge Company,2015,Control
Digital,OverDrive,EBOOK,2015,7,116,Wild: From Lost to Found on the Pacific Crest Trail,NA,Cheryl Strayed,"Biography & Autobiography, Nonfiction, Travel","Random House, Inc.",2012,Control
Digital,OverDrive,EBOOK,2015,7,13,Sapiens: A Brief History of Humankind,NA,Yuval Noah Harari,"Nonfiction, Science",HarperCollins Publishers Inc.,2015,Control
Digital,OverDrive,EBOOK,2015,7,24,Bad Feminist: Essays,NA,Roxane Gay,"Essays, Humor (Nonfiction), Nonfiction, Sociology",HarperCollins Publishers Inc.,2014,LGBT
Physical,Horizon,BOOK,2015,7,1,"Shidifu Qiaobusi zhuan / [Mei] Wo'erte Aisakesen, zhu ; [Guan Yanqi deng, yi] = Steve Jobs / by Walter Isaacson.",NA,"Isaacson, Walter","Jobs Steve 1955 2011, Apple Computer Inc History, Computer engineers United States Biography, Chief executive officers United States Biography, Businesspeople United States Biography","Zhong xin chu ban she,",2011.,Control
Digital,OverDrive,EBOOK,2015,7,14,Bettyville: A Memoir,NA,George Hodgman,"Biography & Autobiography, Family & Relationships, Gay/Lesbian, Nonfiction","Penguin Group (USA), Inc.",2015,LGBT
Digital,OverDrive,AUDIOBOOK,2015,7,29,Between the World and Me (Unabridged),NA,Ta-Nehisi Coates,"Biography & Autobiography, History, Nonfiction, Sociology",Books on Tape,2015,Treatment
Digital,OverDrive,AUDIOBOOK,2015,7,4,Art of War: The Denma Translation (unabridged) (Unabridged),NA,Sun Tzu,"Nonfiction, Religion & Spirituality","Sounds True, Inc",2007,Control
Digital,OverDrive,AUDIOBOOK,2015,7,53,The Life-Changing Magic of Tidying Up: The Japanese Art of Decluttering and Organizing (unabridged) (Unabridged),NA,Marie Kondo,"Home Design & Décor, Nonfiction, Self-Improvement","Tantor Media, Inc",2015,Control
Physical,Horizon,BOOK,2015,7,21,Bad feminist : essays / Roxane Gay.,NA,"Gay, Roxane","Feminism, Popular culture, Gay Roxane Anecdotes, Women Conduct of life Anecdotes, Race awareness in motion pictures, African Americans in mass media, Essays","Harper Perennial,",c2014.,LGBT
Physical,Horizon,BOOK,2015,7,93,Wild : from lost to found on the Pacific Crest Trail / Cheryl Strayed.,NA,"Strayed, Cheryl, 1968-","Strayed Cheryl 1968 Travel Pacific Crest Trail, Authors American 21st century Biography, Pacific Crest Trail Description and travel","Alfred A. Knopf,",2012.,Control
Physical,Horizon,BOOK,2015,7,34,Between the world and me / Ta-Nehisi Coates.,NA,"Coates, Ta-Nehisi","United States Race relations, Race discrimination United States, African Americans United States Social conditions, African Americans United States Public opinion, Whites United States Attitudes","Spiegel & Grau,",c2015.,Treatment
Digital,OverDrive,AUDIOBOOK,2015,7,10,Sapiens: A Brief History of Humankind (unabridged) (Unabridged),NA,Yuval Noah Harari,"Nonfiction, Science","Tantor Media, Inc",2015,Control
Digital,OverDrive,AUDIOBOOK,2015,7,16,How to Win Friends and Influence People (Unabridged),NA,Dale Carnegie,"Nonfiction, Self-Improvement",Simon & Schuster - All Library,2008,Control
Digital,OverDrive,EBOOK,2015,8,20,Bad Feminist: Essays,NA,Roxane Gay,"Essays, Humor (Nonfiction), Nonfiction, Sociology",HarperCollins Publishers Inc.,2014,LGBT
Physical,Horizon,BOOK,2015,8,10,Wild [text (large print)] : from lost to found on the Pacific Crest Trail / Cheryl Strayed.,NA,"Strayed, Cheryl, 1968-","Strayed Cheryl 1968 Travel Pacific Crest Trail, Authors American 21st century Biography, Pacific Crest Trail Description and travel, Large type books","Thorndike Press,","2013, c2012.",Control
Digital,OverDrive,EBOOK,2015,8,121,The Boys in the Boat: Nine Americans and Their Epic Quest for Gold at the 1936 Berlin Olympics,NA,Daniel James Brown,"History, Nonfiction, Sports & Recreations","Penguin Group (USA), Inc.",2013,Control
Digital,OverDrive,AUDIOBOOK,2015,8,51,The Life-Changing Magic of Tidying Up: The Japanese Art of Decluttering and Organizing (unabridged) (Unabridged),NA,Marie Kondo,"Home Design & Décor, Nonfiction, Self-Improvement","Tantor Media, Inc",2015,Control
Digital,OverDrive,AUDIOBOOK,2015,8,47,Between the World and Me (Unabridged),NA,Ta-Nehisi Coates,"Biography & Autobiography, History, Nonfiction, Sociology",Books on Tape,2015,Treatment
Physical,Horizon,BOOK,2015,8,145,Between the world and me / Ta-Nehisi Coates.,NA,"Coates, Ta-Nehisi","United States Race relations, Race discrimination United States, African Americans United States Social conditions, African Americans United States Public opinion, Whites United States Attitudes","Spiegel & Grau,",c2015.,Treatment
Physical,Horizon,BOOK,2015,8,2,"Shidifu Qiaobusi zhuan / [Mei] Wo'erte Aisakesen, zhu ; [Guan Yanqi deng, yi] = Steve Jobs / by Walter Isaacson.",NA,"Isaacson, Walter","Jobs Steve 1955 2011, Apple Computer Inc History, Computer engineers United States Biography, Chief executive officers United States Biography, Businesspeople United States Biography","Zhong xin chu ban she,",2011.,Control
Digital,OverDrive,EBOOK,2015,8,18,How to Win Friends and Influence People,NA,Dale Carnegie,"Business, Nonfiction, Psychology, Self Help","Simon & Schuster, Inc.",2014,Control
Digital,OverDrive,EBOOK,2015,8,11,Sapiens: A Brief History of Humankind,NA,Yuval Noah Harari,"Nonfiction, Science",HarperCollins Publishers Inc.,2015,Control
Digital,OverDrive,EBOOK,2015,8,116,Wild: From Lost to Found on the Pacific Crest Trail,NA,Cheryl Strayed,"Biography & Autobiography, Nonfiction, Travel","Random House, Inc.",2012,Control
Physical,Horizon,BOOK,2015,8,29,"How to win friends and influence people / Dale Carnegie ; editorial consultant, Dorothy Carnegie ; editorial assistance, Arthur R. Pell.",NA,"Carnegie, Dale, 1888-1955","Success, Persuasion Psychology, Leadership, Business communication","Simon & Schuster,",2009.,Control
Digital,OverDrive,EBOOK,2015,8,16,The New Jim Crow,NA,Michelle Alexander,"Nonfiction, Sociology",Perseus Books Group,2012,Treatment
Digital,OverDrive,EBOOK,2015,8,2,The Art of War,NA,Tzu Sun,"History, Military, Nonfiction",Perseus Publishing,2010,Control
Digital,OverDrive,EBOOK,2015,8,11,Bettyville: A Memoir,NA,George Hodgman,"Biography & Autobiography, Family & Relationships, Gay/Lesbian, Nonfiction","Penguin Group (USA), Inc.",2015,LGBT
Digital,OverDrive,EBOOK,2015,8,37,Between the World and Me,NA,Ta-Nehisi Coates,"Biography & Autobiography, History, Nonfiction, Sociology","Random House, Inc.",2015,Treatment
Physical,Horizon,BOOK,2015,8,21,Bad feminist : essays / Roxane Gay.,NA,"Gay, Roxane","Feminism, Popular culture, Gay Roxane Anecdotes, Women Conduct of life Anecdotes, Race awareness in motion pictures, African Americans in mass media, Essays","Harper Perennial,",c2014.,LGBT
Physical,Horizon,BOOK,2015,8,2,Bettyville : a memoir / George Hodgman.,NA,"Hodgman, George.","Hodgman George, Adult children of aging parents United States Biography, Caregivers United States Biography, Aging parents Care United States, Mothers and sons United States, Sons Family relationships United States, Gay men Family relationships United States, Large type books","Thorndike Press,",2015.,LGBT
Physical,Horizon,BOOK,2015,8,6,Steve Jobs / Walter Isaacson.,NA,"Isaacson, Walter","Jobs Steve 1955 2011, Apple Computer Inc History, Computer engineers United States Biography, Chief executive officers United States Biography","Simon & Schuster,",2011.,Control
Physical,Horizon,BOOK,2015,8,5,Steve Jobs [text (large print)] / Walter Isaacson.,NA,"Isaacson, Walter","Jobs Steve 1955 2011, Computer engineers United States Biography, Businesspeople United States Biography, Apple Computer Inc History, Large type books","Thorndike Press,",2011.,Control
Digital,OverDrive,AUDIOBOOK,2015,8,10,Sapiens: A Brief History of Humankind (unabridged) (Unabridged),NA,Yuval Noah Harari,"Nonfiction, Science","Tantor Media, Inc",2015,Control
Digital,OverDrive,EBOOK,2015,8,9,The New Jim Crow: Mass Incarceration in the Age of Colorblindness,NA,Michelle Alexander,"Nonfiction, Politics",Perseus Books Group,2010,Treatment
Digital,OverDrive,AUDIOBOOK,2015,8,11,Bad Feminist: Essays (unabridged) (Unabridged),NA,Roxane Gay,"Essays, Humor (Nonfiction), Nonfiction, Sociology",HarperCollins Publishers Inc.,2015,LGBT
Digital,OverDrive,AUDIOBOOK,2015,8,15,How to Win Friends and Influence People (Unabridged),NA,Dale Carnegie,"Nonfiction, Self-Improvement",Simon & Schuster - All Library,2008,Control
Digital,OverDrive,AUDIOBOOK,2015,8,6,Steve Jobs (Unabridged),NA,Walter Isaacson,"Biography & Autobiography, Nonfiction",HighBridge Company,2015,Control
Physical,Horizon,BOOK,2015,8,98,Wild : from lost to found on the Pacific Crest Trail / Cheryl Strayed.,NA,"Strayed, Cheryl, 1968-","Strayed Cheryl 1968 Travel Pacific Crest Trail, Authors American 21st century Biography, Pacific Crest Trail Description and travel","Alfred A. Knopf,",2012.,Control
Physical,Horizon,BOOK,2015,8,37,The new Jim Crow : mass incarceration in the age of colorblindness / Michelle Alexander ; [with a new foreword by Cornel West].,NA,"Alexander, Michelle","Discrimination in criminal justice administration United States, Criminal justice Administration of United States, African American prisoners United States, African American men Social conditions, Race discrimination United States, United States Race relations","New Press,",2012.,Treatment
Digital,OverDrive,EBOOK,2015,8,10,Steve Jobs,NA,Walter Isaacson,"Biography & Autobiography, Business, Computer Technology, Nonfiction","Simon & Schuster, Inc.",2014,Control
Digital,OverDrive,AUDIOBOOK,2015,8,4,Art of War: The Denma Translation (unabridged) (Unabridged),NA,Sun Tzu,"Nonfiction, Religion & Spirituality","Sounds True, Inc",2007,Control
Digital,OverDrive,EBOOK,2015,8,147,The Life-Changing Magic of Tidying Up: The Japanese Art of Decluttering and Organizing,NA,Marie Kondo,"Home Design & Décor, Nonfiction, Philosophy, Self-Improvement","Random House, Inc.",2014,Control
Digital,OverDrive,AUDIOBOOK,2015,8,55,Wild: From Lost to Found on the Pacific Crest Trail (unabridged) (Unabridged),NA,Cheryl Strayed,"Biography & Autobiography, Nonfiction, Travel",Books on Tape,2012,Control
Digital,OverDrive,AUDIOBOOK,2015,8,3,The Art of War (Unabridged),NA,Sun Tzu,"History, Military, Nonfiction, Philosophy","Tantor Media, Inc",2007,Control
Physical,Horizon,BOOK,2015,8,41,Bettyville : a memoir / George Hodgman.,NA,"Hodgman, George.","Hodgman George, Adult children of aging parents United States Biography, Caregivers United States Biography, Aging parents Care United States, Mothers and sons United States, Sons Family relationships United States, Gay men Family relationships United States","Viking,",c2015.,LGBT
Digital,OverDrive,EBOOK,2015,8,7,The Art of War: The Oldest Military Treatise in the World,NA,Sun Tzu,"Business, Nonfiction, Politics, Self-Improvement",Duke Classics,2011,Control
Digital,OverDrive,EBOOK,2015,8,9,How to Win Friends and Influence People in the Digital Age,NA,Dale Carnegie & Associates,"Business, Nonfiction, Psychology, Self-Improvement","Simon & Schuster, Inc.",2014,Control
Digital,OverDrive,EBOOK,2015,9,5,How to Win Friends and Influence People in the Digital Age,NA,Dale Carnegie & Associates,"Business, Nonfiction, Psychology, Self-Improvement","Simon & Schuster, Inc.",2014,Control
Digital,OverDrive,EBOOK,2015,9,151,The Life-Changing Magic of Tidying Up: The Japanese Art of Decluttering and Organizing,NA,Marie Kondo,"Home Design & Décor, Nonfiction, Philosophy, Self-Improvement","Random House, Inc.",2014,Control
Physical,Horizon,BOOK,2015,9,1,How to win friends and influence people for teen girls / presented by Donna Dale Carnegie.,NA,"Carnegie, Donna Dale","Teenage girls Psychology, Interpersonal relations in adolescence, Friendship in adolescence, Success in adolescence","Fireside,",c2005.,Control
Digital,OverDrive,AUDIOBOOK,2015,9,63,The Life-Changing Magic of Tidying Up: The Japanese Art of Decluttering and Organizing (unabridged) (Unabridged),NA,Marie Kondo,"Home Design & Décor, Nonfiction, Self-Improvement","Tantor Media, Inc",2015,Control
Digital,OverDrive,AUDIOBOOK,2015,9,7,Sapiens: A Brief History of Humankind (unabridged) (Unabridged),NA,Yuval Noah Harari,"Nonfiction, Science","Tantor Media, Inc",2015,Control
Digital,OverDrive,AUDIOBOOK,2015,9,3,The Art of War (Unabridged),NA,Sun Tzu,"History, Military, Nonfiction, Philosophy","Tantor Media, Inc",2007,Control
Physical,Horizon,BOOK,2015,9,19,"How to win friends and influence people / Dale Carnegie ; editorial consultant, Dorothy Carnegie ; editorial assistance, Arthur R. Pell.",NA,"Carnegie, Dale, 1888-1955","Success, Persuasion Psychology, Leadership, Business communication","Simon & Schuster,",2009.,Control
Physical,Horizon,BOOK,2015,9,34,The new Jim Crow : mass incarceration in the age of colorblindness / Michelle Alexander ; [with a new foreword by Cornel West].,NA,"Alexander, Michelle","Discrimination in criminal justice administration United States, Criminal justice Administration of United States, African American prisoners United States, African American men Social conditions, Race discrimination United States, United States Race relations","New Press,",2012.,Treatment
Physical,Horizon,BOOK,2015,9,11,Steve Jobs / Walter Isaacson.,NA,"Isaacson, Walter","Jobs Steve 1955 2011, Apple Computer Inc History, Computer engineers United States Biography, Chief executive officers United States Biography","Simon & Schuster,",2011.,Control
Digital,OverDrive,EBOOK,2015,9,101,The Boys in the Boat: Nine Americans and Their Epic Quest for Gold at the 1936 Berlin Olympics,NA,Daniel James Brown,"History, Nonfiction, Sports & Recreations","Penguin Group (USA), Inc.",2013,Control
Digital,OverDrive,EBOOK,2015,9,19,Bad Feminist: Essays,NA,Roxane Gay,"Essays, Humor (Nonfiction), Nonfiction, Sociology",HarperCollins Publishers Inc.,2014,LGBT
Physical,Horizon,BOOK,2015,9,3,Bettyville : a memoir / George Hodgman.,NA,"Hodgman, George.","Hodgman George, Adult children of aging parents United States Biography, Caregivers United States Biography, Aging parents Care United States, Mothers and sons United States, Sons Family relationships United States, Gay men Family relationships United States, Large type books","Thorndike Press,",2015.,LGBT
Digital,OverDrive,EBOOK,2015,9,2,The Art of War,NA,Tzu Sun,"History, Military, Nonfiction",Perseus Publishing,2010,Control
Digital,OverDrive,EBOOK,2015,9,8,The New Jim Crow: Mass Incarceration in the Age of Colorblindness,NA,Michelle Alexander,"Nonfiction, Politics",Perseus Books Group,2010,Treatment
Digital,OverDrive,AUDIOBOOK,2015,9,12,How to Win Friends and Influence People (Unabridged),NA,Dale Carnegie,"Nonfiction, Self-Improvement",Simon & Schuster - All Library,2008,Control
Digital,OverDrive,AUDIOBOOK,2015,9,51,Wild: From Lost to Found on the Pacific Crest Trail (unabridged) (Unabridged),NA,Cheryl Strayed,"Biography & Autobiography, Nonfiction, Travel",Books on Tape,2012,Control
Digital,OverDrive,EBOOK,2015,9,65,Between the World and Me,NA,Ta-Nehisi Coates,"Biography & Autobiography, History, Nonfiction, Sociology","Random House, Inc.",2015,Treatment
Digital,OverDrive,AUDIOBOOK,2015,9,9,Bad Feminist: Essays (unabridged) (Unabridged),NA,Roxane Gay,"Essays, Humor (Nonfiction), Nonfiction, Sociology",HarperCollins Publishers Inc.,2015,LGBT
Digital,OverDrive,AUDIOBOOK,2015,9,50,Between the World and Me (Unabridged),NA,Ta-Nehisi Coates,"Biography & Autobiography, History, Nonfiction, Sociology",Books on Tape,2015,Treatment
Digital,OverDrive,EBOOK,2015,9,6,The Art of War: The Oldest Military Treatise in the World,NA,Sun Tzu,"Business, Nonfiction, Politics, Self-Improvement",Duke Classics,2011,Control
Physical,Horizon,BOOK,2015,9,1,"Shidifu Qiaobusi zhuan / [Mei] Wo'erte Aisakesen, zhu ; [Guan Yanqi deng, yi] = Steve Jobs / by Walter Isaacson.",NA,"Isaacson, Walter","Jobs Steve 1955 2011, Apple Computer Inc History, Computer engineers United States Biography, Chief executive officers United States Biography, Businesspeople United States Biography","Zhong xin chu ban she,",2011.,Control
Digital,OverDrive,AUDIOBOOK,2015,9,12,Steve Jobs (Unabridged),NA,Walter Isaacson,"Biography & Autobiography, Nonfiction",HighBridge Company,2015,Control
Physical,Horizon,BOOK,2015,9,6,Wild [text (large print)] : from lost to found on the Pacific Crest Trail / Cheryl Strayed.,NA,"Strayed, Cheryl, 1968-","Strayed Cheryl 1968 Travel Pacific Crest Trail, Authors American 21st century Biography, Pacific Crest Trail Description and travel, Large type books","Thorndike Press,","2013, c2012.",Control
Digital,OverDrive,AUDIOBOOK,2015,9,4,Art of War: The Denma Translation (unabridged) (Unabridged),NA,Sun Tzu,"Nonfiction, Religion & Spirituality","Sounds True, Inc",2007,Control
Physical,Horizon,BOOK,2015,9,175,Between the world and me / Ta-Nehisi Coates.,NA,"Coates, Ta-Nehisi","United States Race relations, Race discrimination United States, African Americans United States Social conditions, African Americans United States Public opinion, Whites United States Attitudes","Spiegel & Grau,",c2015.,Treatment
Digital,OverDrive,EBOOK,2015,9,16,The New Jim Crow,NA,Michelle Alexander,"Nonfiction, Sociology",Perseus Books Group,2012,Treatment
Physical,Horizon,BOOK,2015,9,21,Bad feminist : essays / Roxane Gay.,NA,"Gay, Roxane","Feminism, Popular culture, Gay Roxane Anecdotes, Women Conduct of life Anecdotes, Race awareness in motion pictures, African Americans in mass media, Essays","Harper Perennial,",c2014.,LGBT
Digital,OverDrive,EBOOK,2015,9,11,Bettyville: A Memoir,NA,George Hodgman,"Biography & Autobiography, Family & Relationships, Gay/Lesbian, Nonfiction","Penguin Group (USA), Inc.",2015,LGBT
Digital,OverDrive,EBOOK,2015,9,7,Steve Jobs,NA,Walter Isaacson,"Biography & Autobiography, Business, Computer Technology, Nonfiction","Simon & Schuster, Inc.",2014,Control
Physical,Horizon,BOOK,2015,9,1,Steve Jobs : la biografía / Walter Isaacson.,NA,"Isaacson, Walter","Jobs Steve 1955 2011, Businessmen United States Biography, Computer engineers United States Biography, Apple Computer Inc","Vintage Español,",2011.,Control
Digital,OverDrive,EBOOK,2015,9,128,Wild: From Lost to Found on the Pacific Crest Trail,NA,Cheryl Strayed,"Biography & Autobiography, Nonfiction, Travel","Random House, Inc.",2012,Control
Digital,OverDrive,EBOOK,2015,9,13,How to Win Friends and Influence People,NA,Dale Carnegie,"Business, Nonfiction, Psychology, Self Help","Simon & Schuster, Inc.",2014,Control
Physical,Horizon,BOOK,2015,9,27,Bettyville : a memoir / George Hodgman.,NA,"Hodgman, George.","Hodgman George, Adult children of aging parents United States Biography, Caregivers United States Biography, Aging parents Care United States, Mothers and sons United States, Sons Family relationships United States, Gay men Family relationships United States","Viking,",c2015.,LGBT
Physical,Horizon,BOOK,2015,9,61,Wild : from lost to found on the Pacific Crest Trail / Cheryl Strayed.,NA,"Strayed, Cheryl, 1968-","Strayed Cheryl 1968 Travel Pacific Crest Trail, Authors American 21st century Biography, Pacific Crest Trail Description and travel","Alfred A. Knopf,",2012.,Control
Digital,OverDrive,EBOOK,2015,9,12,Sapiens: A Brief History of Humankind,NA,Yuval Noah Harari,"Nonfiction, Science",HarperCollins Publishers Inc.,2015,Control
Digital,OverDrive,AUDIOBOOK,2015,10,10,Sapiens: A Brief History of Humankind (unabridged) (Unabridged),NA,Yuval Noah Harari,"Nonfiction, Science","Tantor Media, Inc",2015,Control
Physical,Horizon,BOOK,2015,10,171,Between the world and me / Ta-Nehisi Coates.,NA,"Coates, Ta-Nehisi","United States Race relations, Race discrimination United States, African Americans United States Social conditions, African Americans United States Public opinion, Whites United States Attitudes","Spiegel & Grau,",c2015.,Treatment
Digital,OverDrive,EBOOK,2015,10,10,Steve Jobs,NA,Walter Isaacson,"Biography & Autobiography, Business, Computer Technology, Nonfiction","Simon & Schuster, Inc.",2014,Control
Digital,OverDrive,EBOOK,2015,10,20,Bad Feminist: Essays,NA,Roxane Gay,"Essays, Humor (Nonfiction), Nonfiction, Sociology",HarperCollins Publishers Inc.,2014,LGBT
Physical,Horizon,BOOK,2015,10,4,Bettyville : a memoir / George Hodgman.,NA,"Hodgman, George.","Hodgman George, Adult children of aging parents United States Biography, Caregivers United States Biography, Aging parents Care United States, Mothers and sons United States, Sons Family relationships United States, Gay men Family relationships United States, Large type books","Thorndike Press,",2015.,LGBT
Digital,OverDrive,EBOOK,2015,10,9,The New Jim Crow: Mass Incarceration in the Age of Colorblindness,NA,Michelle Alexander,"Nonfiction, Politics",Perseus Books Group,2010,Treatment
Digital,OverDrive,EBOOK,2015,10,117,The Boys in the Boat: Nine Americans and Their Epic Quest for Gold at the 1936 Berlin Olympics,NA,Daniel James Brown,"History, Nonfiction, Sports & Recreations","Penguin Group (USA), Inc.",2013,Control
Digital,OverDrive,AUDIOBOOK,2015,10,9,Steve Jobs (Unabridged),NA,Walter Isaacson,"Biography & Autobiography, Nonfiction",HighBridge Company,2015,Control
Physical,Horizon,BOOK,2015,10,37,The new Jim Crow : mass incarceration in the age of colorblindness / Michelle Alexander ; [with a new foreword by Cornel West].,NA,"Alexander, Michelle","Discrimination in criminal justice administration United States, Criminal justice Administration of United States, African American prisoners United States, African American men Social conditions, Race discrimination United States, United States Race relations","New Press,",2012.,Treatment
Digital,OverDrive,AUDIOBOOK,2015,10,62,The Life-Changing Magic of Tidying Up: The Japanese Art of Decluttering and Organizing (unabridged) (Unabridged),NA,Marie Kondo,"Home Design & Décor, Nonfiction, Self-Improvement","Tantor Media, Inc",2015,Control
Digital,OverDrive,AUDIOBOOK,2015,10,17,How to Win Friends and Influence People (Unabridged),NA,Dale Carnegie,"Nonfiction, Self-Improvement",Simon & Schuster - All Library,2008,Control
Digital,OverDrive,AUDIOBOOK,2015,10,3,Art of War: The Denma Translation (unabridged) (Unabridged),NA,Sun Tzu,"Nonfiction, Religion & Spirituality","Sounds True, Inc",2007,Control
Digital,OverDrive,EBOOK,2015,10,152,The Life-Changing Magic of Tidying Up: The Japanese Art of Decluttering and Organizing,NA,Marie Kondo,"Home Design & Décor, Nonfiction, Philosophy, Self-Improvement","Random House, Inc.",2014,Control
Physical,Horizon,BOOK,2015,10,5,Steve Jobs [text (large print)] / Walter Isaacson.,NA,"Isaacson, Walter","Jobs Steve 1955 2011, Computer engineers United States Biography, Businesspeople United States Biography, Apple Computer Inc History, Large type books","Thorndike Press,",2011.,Control
Digital,OverDrive,EBOOK,2015,10,77,Between the World and Me,NA,Ta-Nehisi Coates,"Biography & Autobiography, History, Nonfiction, Sociology","Random House, Inc.",2015,Treatment
Digital,OverDrive,EBOOK,2015,10,2,The Art of War,NA,Tzu Sun,"History, Military, Nonfiction",Perseus Publishing,2010,Control
Physical,Horizon,BOOK,2015,10,47,Wild : from lost to found on the Pacific Crest Trail / Cheryl Strayed.,NA,"Strayed, Cheryl, 1968-","Strayed Cheryl 1968 Travel Pacific Crest Trail, Authors American 21st century Biography, Pacific Crest Trail Description and travel","Alfred A. Knopf,",2012.,Control
Digital,OverDrive,AUDIOBOOK,2015,10,55,Between the World and Me (Unabridged),NA,Ta-Nehisi Coates,"Biography & Autobiography, History, Nonfiction, Sociology",Books on Tape,2015,Treatment
Physical,Horizon,BOOK,2015,10,9,Steve Jobs / Walter Isaacson.,NA,"Isaacson, Walter","Jobs Steve 1955 2011, Apple Computer Inc History, Computer engineers United States Biography, Chief executive officers United States Biography","Simon & Schuster,",2011.,Control
Digital,OverDrive,EBOOK,2015,10,111,Wild: From Lost to Found on the Pacific Crest Trail,NA,Cheryl Strayed,"Biography & Autobiography, Nonfiction, Travel","Random House, Inc.",2012,Control
Physical,Horizon,BOOK,2015,10,28,"How to win friends and influence people / Dale Carnegie ; editorial consultant, Dorothy Carnegie ; editorial assistance, Arthur R. Pell.",NA,"Carnegie, Dale, 1888-1955","Success, Persuasion Psychology, Leadership, Business communication","Simon & Schuster,",2009.,Control
Physical,Horizon,BOOK,2015,10,21,Bettyville : a memoir / George Hodgman.,NA,"Hodgman, George.","Hodgman George, Adult children of aging parents United States Biography, Caregivers United States Biography, Aging parents Care United States, Mothers and sons United States, Sons Family relationships United States, Gay men Family relationships United States","Viking,",c2015.,LGBT
Digital,OverDrive,EBOOK,2015,10,14,The New Jim Crow,NA,Michelle Alexander,"Nonfiction, Sociology",Perseus Books Group,2012,Treatment
Digital,OverDrive,EBOOK,2015,10,16,How to Win Friends and Influence People,NA,Dale Carnegie,"Business, Nonfiction, Psychology, Self Help","Simon & Schuster, Inc.",2014,Control
Digital,OverDrive,EBOOK,2015,10,8,Bettyville: A Memoir,NA,George Hodgman,"Biography & Autobiography, Family & Relationships, Gay/Lesbian, Nonfiction","Penguin Group (USA), Inc.",2015,LGBT
Digital,OverDrive,AUDIOBOOK,2015,10,14,Bad Feminist: Essays (unabridged) (Unabridged),NA,Roxane Gay,"Essays, Humor (Nonfiction), Nonfiction, Sociology",HarperCollins Publishers Inc.,2015,LGBT
Digital,OverDrive,AUDIOBOOK,2015,10,61,Wild: From Lost to Found on the Pacific Crest Trail (unabridged) (Unabridged),NA,Cheryl Strayed,"Biography & Autobiography, Nonfiction, Travel",Books on Tape,2012,Control
Physical,Horizon,BOOK,2015,10,27,Bad feminist : essays / Roxane Gay.,NA,"Gay, Roxane","Feminism, Popular culture, Gay Roxane Anecdotes, Women Conduct of life Anecdotes, Race awareness in motion pictures, African Americans in mass media, Essays","Harper Perennial,",c2014.,LGBT
Physical,Horizon,BOOK,2015,10,1,"Shidifu Qiaobusi zhuan / [Mei] Wo'erte Aisakesen, zhu ; [Guan Yanqi deng, yi] = Steve Jobs / by Walter Isaacson.",NA,"Isaacson, Walter","Jobs Steve 1955 2011, Apple Computer Inc History, Computer engineers United States Biography, Chief executive officers United States Biography, Businesspeople United States Biography","Zhong xin chu ban she,",2011.,Control
Digital,OverDrive,AUDIOBOOK,2015,10,3,The Art of War (Unabridged),NA,Sun Tzu,"History, Military, Nonfiction, Philosophy","Tantor Media, Inc",2007,Control
Physical,Horizon,BOOK,2015,10,9,Wild [text (large print)] : from lost to found on the Pacific Crest Trail / Cheryl Strayed.,NA,"Strayed, Cheryl, 1968-","Strayed Cheryl 1968 Travel Pacific Crest Trail, Authors American 21st century Biography, Pacific Crest Trail Description and travel, Large type books","Thorndike Press,","2013, c2012.",Control
Digital,OverDrive,EBOOK,2015,10,15,Sapiens: A Brief History of Humankind,NA,Yuval Noah Harari,"Nonfiction, Science",HarperCollins Publishers Inc.,2015,Control
Digital,OverDrive,EBOOK,2015,10,3,The Art of War: The Oldest Military Treatise in the World,NA,Sun Tzu,"Business, Nonfiction, Politics, Self-Improvement",Duke Classics,2011,Control
Digital,OverDrive,EBOOK,2015,10,5,How to Win Friends and Influence People in the Digital Age,NA,Dale Carnegie & Associates,"Business, Nonfiction, Psychology, Self-Improvement","Simon & Schuster, Inc.",2014,Control
Digital,OverDrive,AUDIOBOOK,2015,11,8,Sapiens: A Brief History of Humankind (unabridged) (Unabridged),NA,Yuval Noah Harari,"Nonfiction, Science","Tantor Media, Inc",2015,Control
Digital,OverDrive,EBOOK,2015,11,14,How to Win Friends and Influence People,NA,Dale Carnegie,"Business, Nonfiction, Psychology, Self Help","Simon & Schuster, Inc.",2014,Control
Digital,OverDrive,EBOOK,2015,11,144,The Life-Changing Magic of Tidying Up: The Japanese Art of Decluttering and Organizing,NA,Marie Kondo,"Home Design & Décor, Nonfiction, Philosophy, Self-Improvement","Random House, Inc.",2014,Control
Digital,OverDrive,EBOOK,2015,11,10,Bettyville: A Memoir,NA,George Hodgman,"Biography & Autobiography, Family & Relationships, Gay/Lesbian, Nonfiction","Penguin Group (USA), Inc.",2015,LGBT
Digital,OverDrive,AUDIOBOOK,2015,11,65,The Life-Changing Magic of Tidying Up: The Japanese Art of Decluttering and Organizing (unabridged) (Unabridged),NA,Marie Kondo,"Home Design & Décor, Nonfiction, Self-Improvement","Tantor Media, Inc",2015,Control
Physical,Horizon,BOOK,2015,11,2,Steve Jobs [text (large print)] / Walter Isaacson.,NA,"Isaacson, Walter","Jobs Steve 1955 2011, Computer engineers United States Biography, Businesspeople United States Biography, Apple Computer Inc History, Large type books","Thorndike Press,",2011.,Control
Physical,Horizon,BOOK,2015,11,20,Bettyville : a memoir / George Hodgman.,NA,"Hodgman, George.","Hodgman George, Adult children of aging parents United States Biography, Caregivers United States Biography, Aging parents Care United States, Mothers and sons United States, Sons Family relationships United States, Gay men Family relationships United States","Viking,",c2015.,LGBT
Physical,Horizon,BOOK,2015,11,7,Wild [text (large print)] : from lost to found on the Pacific Crest Trail / Cheryl Strayed.,NA,"Strayed, Cheryl, 1968-","Strayed Cheryl 1968 Travel Pacific Crest Trail, Authors American 21st century Biography, Pacific Crest Trail Description and travel, Large type books","Thorndike Press,","2013, c2012.",Control
Digital,OverDrive,EBOOK,2015,11,3,The Art of War: The Oldest Military Treatise in the World,NA,Sun Tzu,"Business, Nonfiction, Politics, Self-Improvement",Duke Classics,2011,Control
Digital,OverDrive,EBOOK,2015,11,109,The Boys in the Boat: Nine Americans and Their Epic Quest for Gold at the 1936 Berlin Olympics,NA,Daniel James Brown,"History, Nonfiction, Sports & Recreations","Penguin Group (USA), Inc.",2013,Control
Physical,Horizon,BOOK,2015,11,2,Bettyville : a memoir / George Hodgman.,NA,"Hodgman, George.","Hodgman George, Adult children of aging parents United States Biography, Caregivers United States Biography, Aging parents Care United States, Mothers and sons United States, Sons Family relationships United States, Gay men Family relationships United States, Large type books","Thorndike Press,",2015.,LGBT
Digital,OverDrive,EBOOK,2015,11,93,Between the World and Me,NA,Ta-Nehisi Coates,"Biography & Autobiography, History, Nonfiction, Sociology","Random House, Inc.",2015,Treatment
Digital,OverDrive,EBOOK,2015,11,119,Wild: From Lost to Found on the Pacific Crest Trail,NA,Cheryl Strayed,"Biography & Autobiography, Nonfiction, Travel","Random House, Inc.",2012,Control
Digital,OverDrive,EBOOK,2015,11,14,Sapiens: A Brief History of Humankind,NA,Yuval Noah Harari,"Nonfiction, Science",HarperCollins Publishers Inc.,2015,Control
Physical,Horizon,BOOK,2015,11,170,Between the world and me / Ta-Nehisi Coates.,NA,"Coates, Ta-Nehisi","United States Race relations, Race discrimination United States, African Americans United States Social conditions, African Americans United States Public opinion, Whites United States Attitudes","Spiegel & Grau,",c2015.,Treatment
Digital,OverDrive,EBOOK,2015,11,4,How to Win Friends and Influence People in the Digital Age,NA,Dale Carnegie & Associates,"Business, Nonfiction, Psychology, Self-Improvement","Simon & Schuster, Inc.",2014,Control
Digital,OverDrive,AUDIOBOOK,2015,11,3,The Art of War (Unabridged),NA,Sun Tzu,"History, Military, Nonfiction, Philosophy","Tantor Media, Inc",2007,Control
Physical,Horizon,BOOK,2015,11,20,Bad feminist : essays / Roxane Gay.,NA,"Gay, Roxane","Feminism, Popular culture, Gay Roxane Anecdotes, Women Conduct of life Anecdotes, Race awareness in motion pictures, African Americans in mass media, Essays","Harper Perennial,",c2014.,LGBT
Physical,Horizon,BOOK,2015,11,32,The new Jim Crow : mass incarceration in the age of colorblindness / Michelle Alexander ; [with a new foreword by Cornel West].,NA,"Alexander, Michelle","Discrimination in criminal justice administration United States, Criminal justice Administration of United States, African American prisoners United States, African American men Social conditions, Race discrimination United States, United States Race relations","New Press,",2012.,Treatment
Physical,Horizon,BOOK,2015,11,15,"How to win friends and influence people / Dale Carnegie ; editorial consultant, Dorothy Carnegie ; editorial assistance, Arthur R. Pell.",NA,"Carnegie, Dale, 1888-1955","Success, Persuasion Psychology, Leadership, Business communication","Simon & Schuster,",2009.,Control
Physical,Horizon,BOOK,2015,11,34,Wild : from lost to found on the Pacific Crest Trail / Cheryl Strayed.,NA,"Strayed, Cheryl, 1968-","Strayed Cheryl 1968 Travel Pacific Crest Trail, Authors American 21st century Biography, Pacific Crest Trail Description and travel","Alfred A. Knopf,",2012.,Control
Digital,OverDrive,AUDIOBOOK,2015,11,4,Art of War: The Denma Translation (unabridged) (Unabridged),NA,Sun Tzu,"Nonfiction, Religion & Spirituality","Sounds True, Inc",2007,Control
Digital,OverDrive,AUDIOBOOK,2015,11,13,How to Win Friends and Influence People (Unabridged),NA,Dale Carnegie,"Nonfiction, Self-Improvement",Simon & Schuster - All Library,2008,Control
Digital,OverDrive,EBOOK,2015,11,1,The Art of War,NA,Tzu Sun,"History, Military, Nonfiction",Perseus Publishing,2010,Control
Digital,OverDrive,AUDIOBOOK,2015,11,49,Wild: From Lost to Found on the Pacific Crest Trail (unabridged) (Unabridged),NA,Cheryl Strayed,"Biography & Autobiography, Nonfiction, Travel",Books on Tape,2012,Control
Digital,OverDrive,AUDIOBOOK,2015,11,8,Steve Jobs (Unabridged),NA,Walter Isaacson,"Biography & Autobiography, Nonfiction",HighBridge Company,2015,Control
Digital,OverDrive,EBOOK,2015,11,20,Bad Feminist: Essays,NA,Roxane Gay,"Essays, Humor (Nonfiction), Nonfiction, Sociology",HarperCollins Publishers Inc.,2014,LGBT
Digital,OverDrive,AUDIOBOOK,2015,11,7,Bad Feminist: Essays (unabridged) (Unabridged),NA,Roxane Gay,"Essays, Humor (Nonfiction), Nonfiction, Sociology",HarperCollins Publishers Inc.,2015,LGBT
Digital,OverDrive,EBOOK,2015,11,10,Steve Jobs,NA,Walter Isaacson,"Biography & Autobiography, Business, Computer Technology, Nonfiction","Simon & Schuster, Inc.",2014,Control
Digital,OverDrive,AUDIOBOOK,2015,11,50,Between the World and Me (Unabridged),NA,Ta-Nehisi Coates,"Biography & Autobiography, History, Nonfiction, Sociology",Books on Tape,2015,Treatment
Physical,Horizon,BOOK,2015,11,2,"Shidifu Qiaobusi zhuan / [Mei] Wo'erte Aisakesen, zhu ; [Guan Yanqi deng, yi] = Steve Jobs / by Walter Isaacson.",NA,"Isaacson, Walter","Jobs Steve 1955 2011, Apple Computer Inc History, Computer engineers United States Biography, Chief executive officers United States Biography, Businesspeople United States Biography","Zhong xin chu ban she,",2011.,Control
Digital,OverDrive,EBOOK,2015,11,14,The New Jim Crow,NA,Michelle Alexander,"Nonfiction, Sociology",Perseus Books Group,2012,Treatment
Digital,OverDrive,EBOOK,2015,11,8,The New Jim Crow: Mass Incarceration in the Age of Colorblindness,NA,Michelle Alexander,"Nonfiction, Politics",Perseus Books Group,2010,Treatment
Physical,Horizon,BOOK,2015,11,9,Steve Jobs / Walter Isaacson.,NA,"Isaacson, Walter","Jobs Steve 1955 2011, Apple Computer Inc History, Computer engineers United States Biography, Chief executive officers United States Biography","Simon & Schuster,",2011.,Control
Digital,OverDrive,EBOOK,2015,12,14,Sapiens: A Brief History of Humankind,NA,Yuval Noah Harari,"Nonfiction, Science",HarperCollins Publishers Inc.,2015,Control
Physical,Horizon,BOOK,2015,12,5,Wild [text (large print)] : from lost to found on the Pacific Crest Trail / Cheryl Strayed.,NA,"Strayed, Cheryl, 1968-","Strayed Cheryl 1968 Travel Pacific Crest Trail, Authors American 21st century Biography, Pacific Crest Trail Description and travel, Large type books","Thorndike Press,","2013, c2012.",Control
Digital,OverDrive,EBOOK,2015,12,19,Bad Feminist: Essays,NA,Roxane Gay,"Essays, Humor (Nonfiction), Nonfiction, Sociology",HarperCollins Publishers Inc.,2014,LGBT
Digital,OverDrive,EBOOK,2015,12,10,Bettyville: A Memoir,NA,George Hodgman,"Biography & Autobiography, Family & Relationships, Gay/Lesbian, Nonfiction","Penguin Group (USA), Inc.",2015,LGBT
Digital,OverDrive,AUDIOBOOK,2015,12,9,Sapiens: A Brief History of Humankind (unabridged) (Unabridged),NA,Yuval Noah Harari,"Nonfiction, Science","Tantor Media, Inc",2015,Control
Digital,OverDrive,AUDIOBOOK,2015,12,11,Steve Jobs (Unabridged),NA,Walter Isaacson,"Biography & Autobiography, Nonfiction",HighBridge Company,2015,Control
Digital,OverDrive,EBOOK,2015,12,2,The Art of War: The Oldest Military Treatise in the World,NA,Sun Tzu,"Business, Nonfiction, Politics, Self-Improvement",Duke Classics,2011,Control
Physical,Horizon,BOOK,2015,12,21,Bad feminist : essays / Roxane Gay.,NA,"Gay, Roxane","Feminism, Popular culture, Gay Roxane Anecdotes, Women Conduct of life Anecdotes, Race awareness in motion pictures, African Americans in mass media, Essays","Harper Perennial,",c2014.,LGBT
Digital,OverDrive,EBOOK,2015,12,103,The Boys in the Boat: Nine Americans and Their Epic Quest for Gold at the 1936 Berlin Olympics,NA,Daniel James Brown,"History, Nonfiction, Sports & Recreations","Penguin Group (USA), Inc.",2013,Control
Digital,OverDrive,EBOOK,2015,12,24,The New Jim Crow,NA,Michelle Alexander,"Nonfiction, Sociology",Perseus Books Group,2012,Treatment
Digital,OverDrive,EBOOK,2015,12,143,The Life-Changing Magic of Tidying Up: The Japanese Art of Decluttering and Organizing,NA,Marie Kondo,"Home Design & Décor, Nonfiction, Philosophy, Self-Improvement","Random House, Inc.",2014,Control
Digital,OverDrive,AUDIOBOOK,2015,12,10,Bad Feminist: Essays (unabridged) (Unabridged),NA,Roxane Gay,"Essays, Humor (Nonfiction), Nonfiction, Sociology",HarperCollins Publishers Inc.,2015,LGBT
Digital,OverDrive,AUDIOBOOK,2015,12,61,The Life-Changing Magic of Tidying Up: The Japanese Art of Decluttering and Organizing (unabridged) (Unabridged),NA,Marie Kondo,"Home Design & Décor, Nonfiction, Self-Improvement","Tantor Media, Inc",2015,Control
Digital,OverDrive,EBOOK,2015,12,9,The New Jim Crow: Mass Incarceration in the Age of Colorblindness,NA,Michelle Alexander,"Nonfiction, Politics",Perseus Books Group,2010,Treatment
Digital,OverDrive,AUDIOBOOK,2015,12,3,Art of War: The Denma Translation (unabridged) (Unabridged),NA,Sun Tzu,"Nonfiction, Religion & Spirituality","Sounds True, Inc",2007,Control
Physical,Horizon,BOOK,2015,12,153,Between the world and me / Ta-Nehisi Coates.,NA,"Coates, Ta-Nehisi","United States Race relations, Race discrimination United States, African Americans United States Social conditions, African Americans United States Public opinion, Whites United States Attitudes","Spiegel & Grau,",c2015.,Treatment
Digital,OverDrive,EBOOK,2015,12,2,How to Win Friends and Influence People in the Digital Age,NA,Dale Carnegie & Associates,"Business, Nonfiction, Psychology, Self-Improvement","Simon & Schuster, Inc.",2014,Control
Physical,Horizon,BOOK,2015,12,29,The new Jim Crow : mass incarceration in the age of colorblindness / Michelle Alexander ; [with a new foreword by Cornel West].,NA,"Alexander, Michelle","Discrimination in criminal justice administration United States, Criminal justice Administration of United States, African American prisoners United States, African American men Social conditions, Race discrimination United States, United States Race relations","New Press,",2012.,Treatment
Physical,Horizon,BOOK,2015,12,25,Bettyville : a memoir / George Hodgman.,NA,"Hodgman, George.","Hodgman George, Adult children of aging parents United States Biography, Caregivers United States Biography, Aging parents Care United States, Mothers and sons United States, Sons Family relationships United States, Gay men Family relationships United States","Viking,",c2015.,LGBT
Physical,Horizon,BOOK,2015,12,28,Wild : from lost to found on the Pacific Crest Trail / Cheryl Strayed.,NA,"Strayed, Cheryl, 1968-","Strayed Cheryl 1968 Travel Pacific Crest Trail, Authors American 21st century Biography, Pacific Crest Trail Description and travel","Alfred A. Knopf,",2012.,Control
Digital,OverDrive,EBOOK,2015,12,125,Wild: From Lost to Found on the Pacific Crest Trail,NA,Cheryl Strayed,"Biography & Autobiography, Nonfiction, Travel","Random House, Inc.",2012,Control
Physical,Horizon,BOOK,2015,12,9,Steve Jobs / Walter Isaacson.,NA,"Isaacson, Walter","Jobs Steve 1955 2011, Apple Computer Inc History, Computer engineers United States Biography, Chief executive officers United States Biography","Simon & Schuster,",2011.,Control
Physical,Horizon,BOOK,2015,12,2,Bettyville : a memoir / George Hodgman.,NA,"Hodgman, George.","Hodgman George, Adult children of aging parents United States Biography, Caregivers United States Biography, Aging parents Care United States, Mothers and sons United States, Sons Family relationships United States, Gay men Family relationships United States, Large type books","Thorndike Press,",2015.,LGBT
Digital,OverDrive,AUDIOBOOK,2015,12,2,The Art of War (Unabridged),NA,Sun Tzu,"History, Military, Nonfiction, Philosophy","Tantor Media, Inc",2007,Control
Physical,Horizon,BOOK,2015,12,1,"Shidifu Qiaobusi zhuan / [Mei] Wo'erte Aisakesen, zhu ; [Guan Yanqi deng, yi] = Steve Jobs / by Walter Isaacson.",NA,"Isaacson, Walter","Jobs Steve 1955 2011, Apple Computer Inc History, Computer engineers United States Biography, Chief executive officers United States Biography, Businesspeople United States Biography","Zhong xin chu ban she,",2011.,Control
Digital,OverDrive,AUDIOBOOK,2015,12,62,Between the World and Me (Unabridged),NA,Ta-Nehisi Coates,"Biography & Autobiography, History, Nonfiction, Sociology",Books on Tape,2015,Treatment
Physical,Horizon,BOOK,2015,12,1,How to win friends and influence people for teen girls / presented by Donna Dale Carnegie.,NA,"Carnegie, Donna Dale","Teenage girls Psychology, Interpersonal relations in adolescence, Friendship in adolescence, Success in adolescence","Fireside,",c2005.,Control
Digital,OverDrive,EBOOK,2015,12,15,How to Win Friends and Influence People,NA,Dale Carnegie,"Business, Nonfiction, Psychology, Self Help","Simon & Schuster, Inc.",2014,Control
Digital,OverDrive,EBOOK,2015,12,9,Steve Jobs,NA,Walter Isaacson,"Biography & Autobiography, Business, Computer Technology, Nonfiction","Simon & Schuster, Inc.",2014,Control
Digital,OverDrive,EBOOK,2015,12,124,Between the World and Me,NA,Ta-Nehisi Coates,"Biography & Autobiography, History, Nonfiction, Sociology","Random House, Inc.",2015,Treatment
Digital,OverDrive,AUDIOBOOK,2015,12,19,How to Win Friends and Influence People (Unabridged),NA,Dale Carnegie,"Nonfiction, Self-Improvement",Simon & Schuster - All Library,2008,Control
Digital,OverDrive,EBOOK,2015,12,2,The Art of War,NA,Tzu Sun,"History, Military, Nonfiction",Perseus Publishing,2010,Control
Physical,Horizon,BOOK,2015,12,21,"How to win friends and influence people / Dale Carnegie ; editorial consultant, Dorothy Carnegie ; editorial assistance, Arthur R. Pell.",NA,"Carnegie, Dale, 1888-1955","Success, Persuasion Psychology, Leadership, Business communication","Simon & Schuster,",2009.,Control
Digital,OverDrive,AUDIOBOOK,2015,12,56,Wild: From Lost to Found on the Pacific Crest Trail (unabridged) (Unabridged),NA,Cheryl Strayed,"Biography & Autobiography, Nonfiction, Travel",Books on Tape,2012,Control
